NU_ANO_CENSO,CODIGO,NO_LOCALIZACAO,NO_DEPENDENCIA,1_CAT1_CATFUN,1_CAT1_CATFUN_AI,1_CAT1_CATFUN_AF,1_CAT1_CATFUN_01,1_CAT1_CATFUN_02,1_CAT1_CATFUN_03,1_CAT1_CATFUN_04,1_CAT1_CATFUN_05,1_CAT1_CATFUN_06,1_CAT1_CATFUN_07,1_CAT1_CATFUN_08,1_CAT1_CATFUN_09,1_CAT1_CATMED,1_CAT1_CATMED_01,1_CAT1_CATMED_02,1_CAT1_CATMED_03,1_CAT2_CATFUN,1_CAT2_CATFUN_AI,1_CAT2_CATFUN_AF,1_CAT2_CATFUN_01,1_CAT2_CATFUN_02,1_CAT2_CATFUN_03,1_CAT2_CATFUN_04,1_CAT2_CATFUN_05,1_CAT2_CATFUN_06,1_CAT2_CATFUN_07,1_CAT2_CATFUN_08,1_CAT2_CATFUN_09,1_CAT2_CATMED,1_CAT2_CATMED_01,1_CAT2_CATMED_02,1_CAT2_CATMED_03,1_CAT3_CATFUN,1_CAT3_CATFUN_AI,1_CAT3_CATFUN_AF,1_CAT3_CATFUN_01,1_CAT3_CATFUN_02,1_CAT3_CATFUN_03,1_CAT3_CATFUN_04,1_CAT3_CATFUN_05,1_CAT3_CATFUN_06,1_CAT3_CATFUN_07,1_CAT3_CATFUN_08,1_CAT3_CATFUN_09,1_CAT3_CATMED,1_CAT3_CATMED_01,1_CAT3_CATMED_02,1_CAT3_CATMED_03,1_CAT4_CATFUN,1_CAT4_CATFUN_AI,1_CAT4_CATFUN_AF,1_CAT4_CATFUN_01,1_CAT4_CATFUN_02,1_CAT4_CATFUN_03,1_CAT4_CATFUN_04,1_CAT4_CATFUN_05,1_CAT4_CATFUN_06,1_CAT4_CATFUN_07,1_CAT4_CATFUN_08,1_CAT4_CATFUN_09,1_CAT4_CATMED,1_CAT4_CATMED_01,1_CAT4_CATMED_02,1_CAT4_CATMED_03
2020/2021,Brasil,Total,Total,95.1,96.1,93.8,95.9,96.4,96.3,96.7,95.1,94.7,94.5,94.9,90.7,89.0,87.3,88.9,91.5,2.3,2.2,2.3,2.5,2.1,2.4,2.0,2.1,2.6,2.3,1.9,2.4,3.9,4.1,2.4,5.6,2.3,1.6,3.0,1.6,1.5,1.3,1.2,2.5,2.1,2.1,2.4,6.1,5.9,7.0,7.1,2.5,0.3,0.1,0.9,0.0,0.0,0.0,0.1,0.3,0.6,1.1,0.8,0.8,1.2,1.6,1.6,0.4
2020/2021,Brasil,Urbana,Total,95.4,96.3,94.3,95.9,96.5,96.5,97.0,95.7,95.0,94.8,95.2,91.9,89.0,87.4,88.9,91.6,2.1,2.1,2.2,2.4,2.1,2.2,1.8,1.8,2.6,2.2,1.8,2.2,3.9,4.0,2.4,5.5,2.1,1.6,2.8,1.7,1.4,1.3,1.2,2.3,2.0,2.0,2.2,5.2,5.9,7.0,7.1,2.5,0.4,0.0,0.7,0.0,0.0,0.0,0.0,0.2,0.4,1.0,0.8,0.7,1.2,1.6,1.6,0.4
2020/2021,Brasil,Rural,Total,93.1,94.8,90.4,96.0,95.9,95.3,95.3,91.9,93.1,92.6,92.8,80.9,88.0,86.6,88.9,89.1,3.2,3.1,3.2,2.6,2.6,3.3,3.1,3.9,3.3,3.0,2.6,3.9,5.2,5.0,2.9,8.4,3.2,1.9,5.2,1.4,1.5,1.4,1.5,3.7,2.7,2.9,3.4,13.5,5.9,7.1,7.2,2.3,0.5,0.2,1.2,0.0,0.0,0.0,0.1,0.5,0.9,1.5,1.2,1.7,0.9,1.3,1.0,0.2
2020/2021,Brasil,Total,Federal,97.7,98.4,97.4,98.3,98.0,98.7,98.7,98.0,94.8,98.0,98.2,98.4,76.6,72.2,79.2,80.3,1.8,1.3,2.0,1.4,1.7,0.8,0.9,1.5,4.7,1.4,1.4,0.9,19.3,23.5,16.1,16.8,0.4,0.3,0.4,0.3,0.3,0.5,0.4,0.5,0.5,0.5,0.3,0.5,3.6,3.9,4.3,2.5,0.1,0.0,0.2,0.0,0.0,0.0,0.0,0.0,0.0,0.1,0.1,0.2,0.5,0.4,0.4,0.4
2020/2021,Brasil,Total,Estadual,95.0,97.0,94.3,97.4,97.4,96.8,97.4,96.1,94.9,94.7,94.7,92.6,88.3,86.8,88.3,90.6,2.1,1.8,2.3,1.6,1.6,2.2,1.6,2.0,2.5,2.3,2.0,2.3,3.9,3.7,2.2,6.2,2.5,1.2,3.0,1.0,1.0,1.0,1.0,1.8,2.2,2.4,2.7,4.5,6.5,7.7,7.8,2.9,0.4,0.0,0.4,0.0,0.0,0.0,0.0,0.1,0.4,0.6,0.6,0.6,1.3,1.8,1.7,0.3
2020/2021,Brasil,Total,Municipal,95.3,96.7,92.6,97.5,97.4,96.8,97.0,95.0,94.3,93.7,94.5,86.6,93.4,91.4,93.9,95.8,2.1,1.9,2.5,1.5,1.7,2.1,1.9,2.0,2.8,2.4,1.9,2.8,2.9,3.7,2.1,2.9,2.1,1.3,3.6,1.0,0.9,1.1,1.0,2.6,2.0,2.1,2.3,9.4,3.2,4.4,3.5,1.1,0.5,0.1,1.3,0.0,0.0,0.0,0.1,0.4,0.9,1.8,1.3,1.2,0.5,0.5,0.5,0.2
2020/2021,Brasil,Total,Privada,94.4,93.3,96.1,89.8,92.7,93.8,95.1,95.0,95.6,96.2,96.8,95.7,96.2,95.1,94.9,99.0,3.1,3.8,2.0,6.2,4.1,3.4,2.8,2.5,2.5,2.0,1.6,1.8,1.2,2.0,1.0,0.6,2.5,2.9,1.8,4.0,3.2,2.8,2.1,2.5,1.9,1.7,1.5,2.3,2.3,2.6,3.6,0.4,0.0,0.0,0.1,0.0,0.0,0.0,0.0,0.0,0.0,0.1,0.1,0.2,0.3,0.3,0.5,0.0
2020/2021,Brasil,Total,Pública,95.2,96.8,93.4,97.4,97.4,96.8,97.1,95.2,94.6,94.2,94.6,89.8,87.9,86.3,88.0,90.3,2.1,1.9,2.4,1.5,1.7,2.1,1.8,2.0,2.7,2.4,1.9,2.5,4.3,4.3,2.6,6.5,2.2,1.3,3.3,1.1,0.9,1.1,1.0,2.5,2.1,2.2,2.5,6.8,6.4,7.6,7.6,2.9,0.5,0.0,0.9,0.0,0.0,0.0,0.1,0.3,0.6,1.2,1.0,0.9,1.4,1.8,1.8,0.3
2020/2021,Norte,Total,Total,93.5,94.5,92.3,95.5,95.4,94.8,95.2,91.7,93.5,93.1,94.0,88.0,92.2,89.8,91.3,96.8,3.1,3.2,3.0,2.7,2.8,3.5,3.1,3.7,3.5,2.9,2.7,3.0,3.0,4.1,2.7,1.9,2.7,2.2,3.4,1.8,1.8,1.7,1.6,4.1,2.2,2.2,2.2,7.9,3.2,4.1,3.9,1.1,0.7,0.1,1.3,0.0,0.0,0.0,0.1,0.5,0.8,1.8,1.1,1.1,1.6,2.0,2.1,0.2
2020/2021,Norte,Urbana,Total,94.8,95.5,93.9,95.9,96.1,95.7,96.2,93.8,94.4,93.9,94.9,92.2,92.2,89.8,91.2,96.9,2.5,2.5,2.6,2.3,2.4,2.9,2.4,2.5,3.1,2.5,2.4,2.2,3.0,4.1,2.6,1.7,2.1,1.9,2.4,1.8,1.5,1.4,1.3,3.2,1.8,1.7,1.7,4.5,3.1,4.0,3.9,1.1,0.6,0.1,1.1,0.0,0.0,0.0,0.1,0.5,0.7,1.9,1.0,1.1,1.7,2.1,2.3,0.3
2020/2021,Norte,Rural,Total,90.2,91.9,87.7,94.3,93.8,92.7,93.0,86.8,91.1,90.8,91.2,74.2,92.0,89.8,91.7,95.7,4.7,4.9,4.3,3.7,4.0,5.1,4.7,6.5,4.5,3.9,3.6,5.5,3.6,4.3,2.9,3.2,4.5,3.0,6.6,2.0,2.2,2.1,2.3,6.1,3.3,3.5,3.8,19.0,3.7,5.0,4.4,0.9,0.6,0.2,1.4,0.0,0.0,0.1,0.0,0.6,1.1,1.8,1.4,1.3,0.7,0.9,1.0,0.2
2020/2021,Norte,Total,Federal,98.4,98.4,98.4,100.0,97.3,98.6,97.4,98.8,97.5,98.4,98.5,99.3,74.5,69.5,75.1,81.8,1.2,1.5,1.1,0.0,2.7,0.7,2.6,1.2,2.3,1.1,0.8,0.3,21.6,26.7,21.1,14.2,0.3,0.1,0.4,0.0,0.0,0.7,0.0,0.0,0.2,0.3,0.6,0.3,3.4,3.3,3.3,3.7,0.1,0.0,0.1,0.0,0.0,0.0,0.0,0.0,0.0,0.2,0.1,0.1,0.5,0.5,0.5,0.3
2020/2021,Norte,Total,Estadual,93.8,93.9,93.7,95.6,94.3,94.2,94.6,91.6,94.2,94.2,94.2,92.2,92.6,90.2,91.7,97.1,3.5,4.1,3.2,3.3,4.0,4.3,4.0,4.7,3.7,3.2,3.2,2.8,2.5,3.4,2.1,1.6,2.1,1.9,2.2,1.1,1.7,1.5,1.3,3.4,1.6,1.7,1.9,3.7,3.2,4.2,3.9,1.0,0.6,0.1,0.9,0.0,0.0,0.0,0.1,0.3,0.5,0.9,0.7,1.3,1.7,2.2,2.3,0.3
2020/2021,Norte,Total,Municipal,93.5,94.8,90.7,96.3,96.2,95.2,95.5,91.4,92.9,91.9,93.4,82.1,97.6,86.62142857142857,100.0,96.0,2.9,2.9,2.9,2.1,2.3,3.3,2.9,3.6,3.3,2.7,2.4,3.2,0.0,5.671428571428573,0.0,0.0,3.0,2.1,4.7,1.6,1.5,1.5,1.6,4.3,2.6,2.6,2.6,13.5,2.4,6.126373626373627,0.0,4.0,0.6,0.2,1.7,0.0,0.0,0.0,0.0,0.7,1.2,2.8,1.6,1.2,0.0,1.580769230769231,0.0,0.0
2020/2021,Norte,Total,Privada,93.2,92.1,94.9,88.8,91.2,92.2,94.1,94.1,93.8,95.5,96.0,94.6,94.9,94.0,92.8,98.3,3.9,4.5,2.8,6.4,5.0,4.6,3.4,3.2,3.8,2.6,2.1,2.8,1.8,2.6,1.7,1.0,2.9,3.4,2.1,4.8,3.8,3.2,2.5,2.7,2.4,1.9,1.8,2.5,3.0,3.1,5.0,0.6,0.0,0.0,0.2,0.0,0.0,0.0,0.0,0.0,0.0,0.0,0.1,0.1,0.3,0.3,0.5,0.1
2020/2021,Norte,Total,Pública,93.6,94.7,92.1,96.2,95.9,95.0,95.3,91.5,93.5,92.9,93.8,87.4,92.0,89.6,91.2,96.7,3.1,3.1,3.1,2.3,2.6,3.4,3.0,3.7,3.5,2.9,2.8,3.0,3.1,4.2,2.7,2.0,2.7,2.1,3.5,1.5,1.5,1.5,1.5,4.2,2.2,2.2,2.3,8.3,3.2,4.1,3.9,1.1,0.6,0.1,1.3,0.0,0.0,0.1,0.2,0.6,0.8,2.0,1.1,1.3,1.7,2.1,2.2,0.2
2020/2021,Nordeste,Total,Total,93.0,93.9,91.9,93.0,94.3,94.5,94.9,92.8,93.2,92.9,93.8,86.9,88.1,89.3,90.0,83.7,3.2,3.4,2.9,4.2,3.3,3.4,3.1,3.1,3.3,2.7,2.2,3.5,5.4,3.0,1.8,14.2,3.1,2.5,3.8,2.8,2.4,2.1,1.9,3.6,2.5,2.5,2.7,8.2,5.4,6.3,6.9,1.9,0.7,0.2,1.4,0.0,0.0,0.0,0.1,0.5,1.0,1.9,1.3,1.4,1.1,1.4,1.3,0.2
2020/2021,Nordeste,Urbana,Total,93.0,93.5,92.4,92.1,93.7,94.1,94.7,92.9,93.2,93.0,94.1,88.5,88.3,89.5,90.2,83.9,3.2,3.5,2.9,4.7,3.6,3.5,3.1,2.9,3.4,2.7,2.1,3.3,5.4,2.9,1.8,14.1,3.1,2.8,3.4,3.2,2.7,2.4,2.0,3.7,2.5,2.5,2.4,6.9,5.3,6.2,6.7,1.8,0.7,0.2,1.3,0.0,0.0,0.0,0.2,0.5,0.9,1.8,1.4,1.3,1.0,1.4,1.3,0.2
2020/2021,Nordeste,Rural,Total,93.1,95.1,90.1,95.9,96.2,95.7,95.3,92.5,93.1,92.4,92.6,80.1,85.5,86.4,87.7,81.0,3.0,3.0,3.2,2.7,2.5,3.0,3.1,3.5,3.2,3.0,2.6,4.1,6.2,3.6,2.3,15.8,3.1,1.8,5.1,1.4,1.3,1.3,1.4,3.3,2.7,2.9,3.4,13.4,7.3,8.4,9.2,3.0,0.8,0.1,1.6,0.0,0.0,0.0,0.2,0.7,1.0,1.7,1.4,2.4,1.0,1.6,0.8,0.2
2020/2021,Nordeste,Total,Federal,98.0,94.1,99.0,98.4,83.7,95.7,100.0,93.3,98.4,98.7,99.6,99.1,72.9,69.2,75.3,75.8,1.4,4.3,0.6,1.6,14.0,2.2,0.0,4.3,1.1,0.9,0.4,0.2,20.6,23.6,16.9,20.4,0.5,1.6,0.3,0.0,2.3,2.1,0.0,2.4,0.5,0.4,0.0,0.4,6.0,6.6,7.2,3.5,0.1,0.0,0.1,0.0,0.0,0.0,0.0,0.0,0.0,0.0,0.0,0.3,0.5,0.6,0.6,0.3
2020/2021,Nordeste,Total,Estadual,94.5,95.3,94.4,96.3,96.6,96.8,96.3,92.0,95.2,95.2,95.3,92.0,88.0,89.8,90.4,82.0,1.6,2.2,1.5,2.2,1.9,1.7,2.0,2.8,1.6,1.3,1.1,1.8,5.3,2.1,1.3,15.8,3.0,2.3,3.2,1.5,1.5,1.4,1.5,4.6,2.5,2.4,2.7,5.1,5.5,6.5,7.0,2.0,0.9,0.2,0.9,0.0,0.0,0.1,0.2,0.6,0.7,1.1,0.9,1.1,1.2,1.6,1.3,0.2
2020/2021,Nordeste,Total,Municipal,93.6,95.6,91.1,96.5,96.7,95.9,95.8,93.2,93.0,92.3,93.3,84.0,79.3,71.7,84.3,84.8,2.7,2.5,3.1,2.1,2.1,2.7,2.6,2.7,3.4,2.9,2.3,4.0,8.2,9.5,4.7,10.5,2.8,1.8,4.0,1.4,1.2,1.3,1.4,3.4,2.3,2.5,2.7,10.2,11.8,18.0,10.2,4.3,0.9,0.1,1.8,0.0,0.0,0.1,0.2,0.7,1.3,2.3,1.7,1.8,0.7,0.8,0.8,0.4
2020/2021,Nordeste,Total,Privada,90.0,88.1,93.2,82.4,86.9,89.0,91.1,91.2,92.1,93.4,94.6,92.9,93.7,91.9,91.5,98.4,5.6,6.8,3.5,10.6,7.5,6.1,5.1,4.5,4.4,3.3,2.7,3.2,2.0,3.2,1.6,0.9,4.4,5.1,3.2,7.0,5.6,4.9,3.8,4.3,3.5,3.1,2.5,3.7,4.1,4.5,6.5,0.7,0.0,0.0,0.1,0.0,0.0,0.0,0.0,0.0,0.0,0.2,0.2,0.2,0.2,0.4,0.4,0.0
2020/2021,Nordeste,Total,Pública,93.7,95.5,91.7,96.5,96.7,96.0,95.9,93.2,93.4,92.8,93.7,85.8,87.5,89.0,89.8,81.7,2.6,2.5,2.8,2.1,2.0,2.6,2.6,2.8,3.1,2.6,2.1,3.5,5.8,2.9,1.9,16.0,2.8,1.8,3.9,1.4,1.3,1.3,1.4,3.5,2.4,2.5,2.7,9.0,5.6,6.5,7.0,2.1,0.9,0.2,1.6,0.0,0.0,0.1,0.1,0.5,1.1,2.1,1.5,1.7,1.1,1.6,1.3,0.2
2020/2021,Sudeste,Total,Total,96.8,97.6,95.8,97.2,97.8,97.8,98.1,97.3,96.2,96.3,96.4,94.3,90.6,88.1,90.2,95.0,1.4,1.3,1.6,1.7,1.3,1.3,1.1,1.1,2.0,1.6,1.3,1.4,2.7,3.8,2.1,2.0,1.5,1.1,2.2,1.1,0.9,0.9,0.8,1.5,1.6,1.6,1.8,3.9,5.2,6.3,5.9,2.6,0.3,0.0,0.4,0.0,0.0,0.0,0.0,0.1,0.2,0.5,0.5,0.4,1.5,1.8,1.8,0.4
2020/2021,Sudeste,Urbana,Total,96.9,97.7,95.9,97.2,97.8,97.9,98.2,97.4,96.2,96.3,96.4,94.5,90.6,88.1,90.2,95.0,1.4,1.3,1.6,1.7,1.3,1.3,1.0,1.1,2.0,1.6,1.3,1.4,2.7,3.8,2.0,2.0,1.5,1.0,2.1,1.1,0.9,0.8,0.8,1.5,1.5,1.6,1.8,3.7,5.2,6.3,5.9,2.6,0.2,0.0,0.4,0.0,0.0,0.0,0.0,0.0,0.3,0.5,0.5,0.4,1.5,1.8,1.9,0.4
2020/2021,Sudeste,Rural,Total,96.1,97.2,94.1,97.4,97.6,97.2,97.5,96.0,95.5,95.3,95.0,89.8,89.8,86.9,89.4,94.3,1.7,1.7,1.8,1.7,1.5,1.8,1.5,1.8,2.2,1.8,1.7,1.6,4.4,6.1,3.3,3.4,2.0,1.1,3.5,0.9,0.9,1.0,1.0,2.1,2.0,2.2,2.7,8.1,5.1,6.0,6.5,2.0,0.2,0.0,0.6,0.0,0.0,0.0,0.0,0.1,0.3,0.7,0.6,0.5,0.7,1.0,0.8,0.3
2020/2021,Sudeste,Total,Federal,97.2,98.6,96.3,97.9,99.3,98.9,98.7,98.3,91.6,97.5,97.9,97.8,86.8,83.1,88.4,90.4,2.1,1.0,2.9,1.7,0.6,0.6,0.9,1.4,7.5,1.6,1.5,1.2,10.8,14.4,8.6,8.1,0.5,0.4,0.6,0.4,0.1,0.5,0.4,0.3,0.7,0.7,0.3,0.8,2.0,2.2,2.6,1.1,0.2,0.0,0.2,0.0,0.0,0.0,0.0,0.0,0.2,0.2,0.3,0.2,0.4,0.3,0.4,0.4
2020/2021,Sudeste,Total,Estadual,96.1,97.8,95.3,97.5,97.9,98.0,98.0,97.7,95.3,95.7,95.6,94.7,89.4,86.7,88.9,94.1,1.7,1.1,1.9,1.3,1.1,1.1,1.1,0.9,2.5,1.9,1.6,1.7,2.9,4.0,2.2,2.2,2.0,1.1,2.4,1.2,1.0,0.9,0.9,1.4,2.0,2.1,2.3,3.2,6.0,7.2,6.7,3.1,0.2,0.0,0.4,0.0,0.0,0.0,0.0,0.0,0.2,0.3,0.5,0.4,1.7,2.1,2.2,0.6
2020/2021,Sudeste,Total,Municipal,97.4,98.1,95.7,98.3,98.4,98.2,98.5,97.2,96.8,96.4,96.6,92.1,96.5,95.3,96.3,98.5,1.1,1.0,1.3,1.0,1.0,1.2,0.9,1.1,1.6,1.4,1.1,1.1,1.5,2.4,1.0,0.8,1.3,0.9,2.3,0.7,0.6,0.6,0.6,1.6,1.1,1.1,1.6,6.4,1.7,1.9,2.3,0.6,0.2,0.0,0.7,0.0,0.0,0.0,0.0,0.1,0.5,1.1,0.7,0.4,0.3,0.4,0.4,0.1
2020/2021,Sudeste,Total,Privada,96.7,96.1,97.5,93.6,95.8,96.6,97.3,97.3,97.4,97.6,98.0,96.9,97.3,96.3,96.6,99.2,1.8,2.2,1.2,4.0,2.3,1.8,1.4,1.2,1.5,1.2,0.9,1.2,0.9,1.5,0.6,0.4,1.5,1.7,1.2,2.4,1.9,1.6,1.3,1.5,1.1,1.1,1.0,1.8,1.5,1.9,2.3,0.2,0.0,0.0,0.1,0.0,0.0,0.0,0.0,0.0,0.0,0.1,0.1,0.1,0.3,0.3,0.5,0.2
2020/2021,Sudeste,Total,Pública,96.9,98.0,95.5,98.2,98.3,98.1,98.3,97.3,95.9,96.0,96.0,93.8,89.4,86.7,89.0,94.1,1.3,1.1,1.7,1.1,1.0,1.1,1.0,1.1,2.1,1.7,1.4,1.5,3.1,4.2,2.3,2.3,1.6,0.9,2.4,0.7,0.7,0.8,0.7,1.6,1.7,1.7,2.0,4.3,5.8,7.1,6.6,3.0,0.2,0.0,0.4,0.0,0.0,0.0,0.0,0.0,0.3,0.6,0.6,0.4,1.7,2.0,2.1,0.6
2020/2021,Sul,Total,Total,96.2,98.0,93.9,98.3,98.1,97.9,98.5,97.4,95.5,94.7,94.6,90.4,84.4,81.5,82.4,91.2,1.6,1.3,2.1,1.1,1.4,1.6,1.0,1.2,2.1,2.1,1.9,2.3,4.3,5.5,3.5,3.5,1.9,0.7,3.5,0.6,0.5,0.5,0.5,1.3,2.0,2.5,2.9,7.0,10.6,12.1,13.3,5.0,0.3,0.0,0.5,0.0,0.0,0.0,0.0,0.1,0.4,0.7,0.6,0.3,0.7,0.9,0.8,0.3
2020/2021,Sul,Urbana,Total,96.1,98.0,93.9,98.3,98.1,97.8,98.5,97.4,95.5,94.6,94.5,90.5,84.3,81.4,82.1,91.1,1.7,1.3,2.1,1.1,1.4,1.6,1.0,1.2,2.1,2.1,1.9,2.3,4.3,5.4,3.5,3.6,2.0,0.7,3.5,0.6,0.5,0.6,0.5,1.3,2.0,2.5,2.9,6.8,10.7,12.2,13.5,5.1,0.2,0.0,0.5,0.0,0.0,0.0,0.0,0.1,0.4,0.8,0.7,0.4,0.7,1.0,0.9,0.2
2020/2021,Sul,Rural,Total,96.6,98.3,94.1,99.1,98.4,98.0,98.6,97.7,96.4,95.6,95.2,88.7,87.6,83.3,88.0,93.8,1.4,1.1,1.7,0.6,1.3,1.6,1.0,1.2,1.9,1.8,1.6,1.5,4.5,7.2,2.5,2.9,1.9,0.6,3.8,0.3,0.3,0.4,0.4,1.1,1.4,2.2,2.8,9.5,7.6,9.1,9.2,3.2,0.1,0.0,0.4,0.0,0.0,0.0,0.0,0.0,0.3,0.4,0.4,0.3,0.3,0.4,0.3,0.1
2020/2021,Sul,Total,Federal,97.8,99.8,97.3,100.0,100.0,100.0,100.0,98.9,98.3,97.7,96.0,97.6,65.6,60.7,68.9,68.8,1.9,0.0,2.4,0.0,0.0,0.0,0.0,0.0,1.4,2.3,3.8,1.7,32.1,37.3,28.0,29.4,0.3,0.2,0.3,0.0,0.0,0.0,0.0,1.1,0.3,0.0,0.2,0.5,1.9,1.7,2.6,1.4,0.0,0.0,0.0,0.0,0.0,0.0,0.0,0.0,0.0,0.0,0.0,0.2,0.4,0.3,0.5,0.4
2020/2021,Sul,Total,Estadual,94.0,97.8,92.7,98.2,98.3,97.7,98.2,96.7,94.5,93.5,93.1,89.5,83.1,80.2,80.6,90.7,2.2,1.3,2.5,1.2,1.1,1.4,0.9,2.0,2.4,2.5,2.4,2.8,3.8,4.8,3.0,3.0,3.4,0.9,4.3,0.6,0.6,0.9,0.9,1.2,2.8,3.4,4.0,7.3,12.4,14.0,15.6,6.0,0.4,0.0,0.5,0.0,0.0,0.0,0.0,0.1,0.3,0.6,0.5,0.4,0.7,1.0,0.8,0.3
2020/2021,Sul,Total,Municipal,97.3,98.2,94.6,98.7,98.2,97.9,98.6,97.6,96.5,95.8,96.2,88.7,86.2,85.1,85.3,88.1,1.3,1.2,1.7,0.9,1.4,1.7,1.0,0.9,1.9,1.6,1.3,1.8,8.1,5.6,8.4,10.4,1.2,0.6,2.9,0.4,0.4,0.4,0.4,1.4,1.0,1.3,1.5,9.2,4.7,7.4,5.2,1.4,0.2,0.0,0.8,0.0,0.0,0.0,0.0,0.1,0.6,1.3,1.0,0.3,1.0,1.9,1.1,0.1
2020/2021,Sul,Total,Privada,97.8,97.7,98.1,97.0,97.8,97.8,98.3,97.4,98.1,98.0,98.4,97.8,97.5,96.9,96.6,99.3,1.3,1.5,1.1,2.0,1.5,1.4,1.0,1.5,1.3,1.2,0.9,0.8,0.8,1.4,0.7,0.4,0.9,0.8,0.8,1.0,0.7,0.8,0.7,1.1,0.6,0.8,0.7,1.3,1.4,1.5,2.4,0.3,0.0,0.0,0.0,0.0,0.0,0.0,0.0,0.0,0.0,0.0,0.0,0.1,0.3,0.2,0.3,0.0
2020/2021,Sul,Total,Pública,95.9,98.1,93.3,98.6,98.2,97.9,98.5,97.4,95.2,94.2,94.0,89.3,82.4,79.5,80.1,89.8,1.7,1.2,2.2,0.9,1.4,1.6,1.0,1.2,2.2,2.2,2.1,2.5,4.8,6.0,4.0,4.1,2.1,0.7,3.9,0.5,0.4,0.5,0.5,1.3,2.2,2.7,3.2,7.8,12.0,13.5,15.0,5.8,0.3,0.0,0.6,0.0,0.0,0.0,0.0,0.1,0.4,0.9,0.7,0.4,0.8,1.0,0.9,0.3
2020/2021,Centro-Oeste,Total,Total,94.6,95.7,93.2,96.1,95.9,95.1,96.3,95.3,94.6,93.4,93.9,91.0,87.0,83.8,86.3,92.7,2.7,2.6,2.9,2.2,2.5,3.4,2.4,2.4,2.7,3.4,2.4,3.0,5.3,6.6,4.2,4.8,2.4,1.7,3.4,1.7,1.6,1.5,1.3,2.3,2.5,2.6,3.0,5.4,6.3,7.9,7.7,2.0,0.3,0.0,0.5,0.0,0.0,0.0,0.0,0.0,0.2,0.6,0.7,0.6,1.4,1.7,1.8,0.5
2020/2021,Centro-Oeste,Urbana,Total,94.7,95.8,93.4,96.2,96.0,95.1,96.4,95.4,94.6,93.5,94.0,91.3,87.1,84.0,86.4,92.9,2.7,2.5,2.8,2.1,2.4,3.3,2.3,2.2,2.7,3.4,2.4,3.0,5.2,6.4,4.1,4.6,2.4,1.7,3.3,1.7,1.6,1.6,1.3,2.3,2.5,2.6,2.9,5.2,6.3,8.0,7.8,2.0,0.2,0.0,0.5,0.0,0.0,0.0,0.0,0.1,0.2,0.5,0.7,0.5,1.4,1.6,1.7,0.5
2020/2021,Centro-Oeste,Rural,Total,93.3,94.5,91.6,95.6,94.6,94.2,95.0,93.5,93.7,92.4,93.0,86.9,84.2,80.9,85.6,88.5,3.4,3.5,3.3,2.7,3.7,4.2,3.3,3.7,3.1,4.0,2.6,3.5,8.2,9.6,6.1,8.6,3.0,2.0,4.5,1.7,1.7,1.6,1.7,2.8,3.1,3.2,3.8,8.6,5.8,7.4,6.2,2.6,0.3,0.0,0.6,0.0,0.0,0.0,0.0,0.0,0.1,0.4,0.6,1.0,1.8,2.1,2.1,0.3
2020/2021,Centro-Oeste,Total,Federal,98.9,98.9,98.9,97.4,97.6,98.3,100.0,100.0,97.3,99.2,99.4,99.2,80.4,74.4,85.8,83.6,0.8,1.1,0.8,2.6,2.4,1.7,0.0,0.0,2.4,0.4,0.4,0.5,15.6,21.8,10.2,12.2,0.3,0.0,0.3,0.0,0.0,0.0,0.0,0.0,0.3,0.4,0.0,0.3,3.6,3.5,3.4,3.9,0.0,0.0,0.0,0.0,0.0,0.0,0.0,0.0,0.0,0.0,0.2,0.0,0.4,0.3,0.6,0.3
2020/2021,Centro-Oeste,Total,Estadual,93.9,95.9,93.0,97.3,97.0,93.3,97.2,95.4,94.7,93.0,93.8,90.7,86.0,82.6,85.3,92.1,3.0,2.9,3.0,1.7,1.9,5.7,1.9,2.9,2.6,3.7,2.2,3.5,5.5,6.6,4.4,5.2,2.7,1.2,3.4,1.0,1.1,1.0,0.9,1.5,2.6,2.7,3.2,5.0,7.0,8.9,8.4,2.2,0.4,0.0,0.6,0.0,0.0,0.0,0.0,0.2,0.1,0.6,0.8,0.8,1.5,1.9,1.9,0.5
2020/2021,Centro-Oeste,Total,Municipal,94.9,95.8,91.9,96.6,95.9,95.7,95.8,94.8,93.5,92.4,92.4,87.0,88.3,85.3,85.7,96.5,2.7,2.5,3.1,1.9,2.8,2.9,2.8,2.4,3.2,3.6,3.0,2.3,6.6,9.1,7.5,1.5,2.3,1.7,4.3,1.5,1.3,1.4,1.4,2.8,2.9,3.2,3.5,9.9,4.2,4.7,5.6,1.5,0.1,0.0,0.7,0.0,0.0,0.0,0.0,0.0,0.4,0.8,1.1,0.8,0.9,0.9,1.2,0.5
2020/2021,Centro-Oeste,Total,Privada,95.7,95.4,96.2,93.3,94.9,95.3,96.8,96.6,96.2,96.4,96.3,96.0,95.3,94.7,93.0,99.0,2.1,2.3,1.9,3.7,2.4,2.3,1.6,1.5,2.1,1.8,2.0,1.5,1.5,2.2,1.6,0.5,2.2,2.3,1.8,3.0,2.7,2.4,1.6,1.9,1.7,1.7,1.6,2.4,2.7,2.8,4.7,0.4,0.0,0.0,0.1,0.0,0.0,0.0,0.0,0.0,0.0,0.1,0.1,0.1,0.5,0.3,0.7,0.1
2020/2021,Centro-Oeste,Total,Pública,94.4,95.8,92.7,96.8,96.2,95.0,96.2,95.0,94.2,92.9,93.4,90.1,85.7,82.3,85.3,91.7,2.8,2.6,3.1,1.9,2.6,3.6,2.6,2.5,2.8,3.7,2.4,3.3,5.9,7.2,4.6,5.5,2.5,1.6,3.6,1.3,1.2,1.4,1.2,2.4,2.7,2.8,3.2,5.9,6.8,8.6,8.2,2.3,0.3,0.0,0.6,0.0,0.0,0.0,0.0,0.1,0.3,0.6,1.0,0.7,1.6,1.9,1.9,0.5
2020/2021,Rondônia,Total,Total,94.5,95.4,93.4,96.0,96.7,95.4,95.9,93.6,93.7,94.4,93.6,91.6,85.6,83.7,83.5,92.1,3.6,3.0,4.2,2.8,2.2,3.4,3.0,3.4,4.7,3.9,4.1,4.3,7.0,9.1,6.3,4.4,1.7,1.6,1.8,1.2,1.1,1.2,1.1,2.9,1.3,1.3,1.7,3.2,3.9,3.9,5.3,2.1,0.2,0.0,0.6,0.0,0.0,0.0,0.0,0.1,0.3,0.4,0.6,0.9,3.5,3.3,4.9,1.4
2020/2021,Rondônia,Urbana,Total,96.0,97.0,95.0,97.3,97.4,96.8,97.6,95.7,95.5,95.8,95.1,93.4,86.3,84.4,83.8,92.9,2.2,1.6,2.9,1.5,1.4,2.0,1.3,1.6,3.1,2.6,3.0,3.2,6.3,8.4,5.7,3.7,1.5,1.4,1.5,1.2,1.2,1.2,1.1,2.6,1.1,1.2,1.4,2.6,3.8,3.8,5.3,2.0,0.3,0.0,0.6,0.0,0.0,0.0,0.0,0.1,0.3,0.4,0.5,0.8,3.6,3.4,5.2,1.4
2020/2021,Rondônia,Rural,Total,85.8,87.9,82.5,88.6,92.5,88.6,87.6,84.2,82.6,85.2,82.8,77.9,74.6,70.4,77.1,78.2,11.2,10.0,13.1,10.0,6.3,10.1,10.9,11.3,14.8,12.0,12.4,13.0,18.1,21.9,14.7,16.6,2.8,2.1,3.9,1.4,1.2,1.3,1.5,4.3,2.4,2.3,4.3,8.4,5.4,6.1,5.9,3.6,0.2,0.0,0.5,0.0,0.0,0.0,0.0,0.2,0.2,0.5,0.5,0.7,1.9,1.6,2.3,1.6
2020/2021,Rondônia,Total,Privada,97.1,96.7,97.7,95.8,96.1,96.6,97.6,97.3,97.1,97.9,97.9,97.9,94.8,93.8,94.7,96.3,1.8,2.1,1.4,2.6,2.4,2.3,1.5,1.8,2.0,1.2,1.3,1.0,2.0,3.0,1.4,1.4,1.1,1.2,0.8,1.6,1.5,1.1,0.9,0.9,0.9,0.7,0.7,0.9,2.5,2.6,3.2,1.5,0.0,0.0,0.1,0.0,0.0,0.0,0.0,0.0,0.0,0.2,0.1,0.2,0.7,0.6,0.7,0.8
2020/2021,Rondônia,Total,Pública,94.2,95.3,93.0,96.0,96.8,95.3,95.7,93.1,93.4,94.1,93.2,91.1,85.1,83.1,82.7,91.8,3.8,3.1,4.5,2.8,2.1,3.5,3.2,3.6,5.0,4.1,4.4,4.6,7.3,9.5,6.6,4.6,1.7,1.6,1.9,1.2,1.1,1.2,1.1,3.1,1.3,1.4,1.8,3.4,4.0,4.0,5.4,2.1,0.3,0.0,0.6,0.0,0.0,0.0,0.0,0.2,0.3,0.4,0.6,0.9,3.6,3.4,5.3,1.5
2020/2021,Acre,Total,Total,88.5,89.7,86.9,92.8,89.1,90.5,91.4,85.0,87.8,88.4,87.8,83.0,80.7,75.7,81.5,88.1,7.2,6.9,7.5,4.9,8.6,7.3,6.5,6.9,8.0,7.2,7.3,7.4,11.7,15.9,10.0,6.8,4.0,3.2,4.9,2.3,2.3,2.2,2.0,7.7,3.8,3.8,4.1,8.5,6.4,6.8,7.1,4.6,0.3,0.2,0.7,0.0,0.0,0.0,0.1,0.4,0.4,0.6,0.8,1.1,1.2,1.6,1.4,0.5
2020/2021,Acre,Urbana,Total,91.8,93.1,90.2,95.4,92.1,93.5,93.7,90.7,90.1,91.4,90.3,88.7,80.8,75.6,81.8,88.0,5.2,4.6,6.0,2.8,6.1,4.9,4.7,4.2,7.0,5.7,6.3,5.0,12.4,16.9,11.1,6.4,2.6,2.2,3.1,1.8,1.8,1.6,1.5,4.6,2.6,2.2,2.7,5.4,5.6,5.8,5.7,5.0,0.4,0.1,0.7,0.0,0.0,0.0,0.1,0.5,0.3,0.7,0.7,0.9,1.2,1.7,1.4,0.6
2020/2021,Acre,Rural,Total,82.0,83.5,80.0,87.2,84.0,85.0,87.2,74.4,82.4,82.5,82.5,70.9,80.6,76.1,80.3,88.3,11.0,11.3,10.6,9.4,13.0,11.6,9.7,12.1,10.5,10.1,9.5,12.8,9.0,11.7,6.2,8.6,6.6,5.1,8.7,3.4,3.0,3.3,3.0,13.4,6.7,7.0,7.1,15.0,9.5,11.3,12.3,2.7,0.4,0.1,0.7,0.0,0.0,0.1,0.1,0.1,0.4,0.4,0.9,1.3,0.9,0.9,1.2,0.4
2020/2021,Acre,Total,Privada,96.7,96.2,97.5,95.9,93.7,96.6,96.6,97.8,97.3,97.7,97.1,98.1,97.7,97.4,96.5,99.6,1.6,2.0,1.1,1.7,3.9,1.9,1.8,0.5,1.2,1.8,1.1,0.1,0.5,0.7,0.4,0.2,1.7,1.8,1.4,2.4,2.4,1.5,1.6,1.7,1.5,0.5,1.8,1.8,1.7,1.8,3.1,0.2,0.0,0.0,0.0,0.0,0.0,0.0,0.0,0.0,0.0,0.0,0.0,0.0,0.1,0.1,0.0,0.0
2020/2021,Acre,Total,Pública,88.1,89.4,86.5,92.7,88.9,90.2,91.1,84.4,87.4,88.0,87.4,82.3,80.0,74.9,80.9,87.5,7.4,7.2,7.8,5.1,8.9,7.5,6.7,7.3,8.3,7.4,7.5,7.8,12.2,16.5,10.4,7.2,4.1,3.3,5.0,2.2,2.2,2.2,2.0,8.0,3.9,3.9,4.2,8.8,6.6,7.0,7.3,4.8,0.4,0.1,0.7,0.0,0.0,0.1,0.2,0.3,0.4,0.7,0.9,1.1,1.2,1.6,1.4,0.5
2020/2021,Amazonas,Total,Total,95.3,95.8,94.6,96.7,96.7,95.3,96.8,93.4,96.1,95.4,96.0,90.4,94.3,92.3,92.9,98.5,2.0,2.3,1.5,1.8,1.8,3.2,1.8,2.9,1.7,1.3,1.5,1.5,1.4,2.0,1.3,0.8,2.1,1.8,2.6,1.5,1.5,1.4,1.3,3.1,1.3,1.4,1.4,7.0,1.7,2.1,2.2,0.6,0.6,0.1,1.3,0.0,0.0,0.1,0.1,0.6,0.9,1.9,1.1,1.1,2.6,3.6,3.6,0.1
2020/2021,Amazonas,Urbana,Total,97.0,97.2,96.8,97.4,97.5,96.8,97.8,96.5,97.3,96.3,97.2,96.3,94.5,92.6,92.8,98.7,1.3,1.5,1.1,1.4,1.3,2.1,1.2,1.5,1.2,1.0,1.2,0.9,1.1,1.6,1.1,0.6,1.1,1.2,1.0,1.2,1.2,1.0,0.9,1.6,0.8,0.8,0.8,1.7,1.5,1.6,2.1,0.6,0.6,0.1,1.1,0.0,0.0,0.1,0.1,0.4,0.7,1.9,0.8,1.1,2.9,4.2,4.0,0.1
2020/2021,Amazonas,Rural,Total,89.9,91.5,87.6,94.6,94.2,91.2,93.8,85.1,92.3,92.6,92.3,69.7,93.5,90.7,93.7,97.4,4.0,4.8,2.9,3.4,3.5,6.2,3.5,6.9,3.5,2.2,2.5,3.5,2.9,4.0,2.3,2.0,5.3,3.4,7.9,2.0,2.3,2.5,2.6,7.4,3.0,3.2,3.5,25.5,2.9,4.4,2.9,0.6,0.8,0.3,1.6,0.0,0.0,0.1,0.1,0.6,1.2,2.0,1.7,1.3,0.7,0.9,1.1,0.0
2020/2021,Amazonas,Total,Privada,94.3,93.5,96.0,90.5,92.3,93.8,95.8,95.6,95.5,97.1,97.0,94.3,94.7,94.4,91.7,99.0,2.9,3.2,2.2,4.8,3.6,3.5,1.8,1.9,2.4,1.5,1.3,3.5,1.4,2.2,1.2,0.5,2.8,3.3,1.8,4.7,4.1,2.7,2.4,2.5,2.1,1.4,1.6,2.1,3.8,3.4,6.9,0.5,0.0,0.0,0.0,0.0,0.0,0.0,0.0,0.0,0.0,0.0,0.1,0.1,0.1,0.0,0.2,0.0
2020/2021,Amazonas,Total,Pública,95.4,96.0,94.5,97.4,97.2,95.5,96.9,93.3,96.1,95.3,96.0,90.1,94.3,92.2,93.0,98.5,1.9,2.2,1.5,1.5,1.6,3.1,1.8,3.0,1.7,1.3,1.5,1.4,1.4,2.0,1.3,0.9,2.1,1.6,2.7,1.1,1.2,1.3,1.2,3.2,1.3,1.4,1.4,7.3,1.6,2.0,2.0,0.6,0.6,0.2,1.3,0.0,0.0,0.1,0.1,0.5,0.9,2.0,1.1,1.2,2.7,3.8,3.7,0.0
2020/2021,Roraima,Total,Total,92.5,93.0,91.9,94.8,93.6,94.3,93.9,88.1,92.7,92.8,93.3,88.5,89.3,86.7,87.7,96.2,3.1,2.5,3.9,2.5,2.6,2.3,2.6,2.7,4.6,3.9,3.9,3.0,4.4,5.5,4.2,2.8,4.1,4.5,3.6,2.7,3.8,3.4,3.5,9.1,2.4,2.9,2.4,6.9,4.0,5.1,5.0,0.5,0.3,0.0,0.6,0.0,0.0,0.0,0.0,0.1,0.3,0.4,0.4,1.6,2.3,2.7,3.1,0.5
2020/2021,Roraima,Urbana,Total,93.6,94.8,92.1,94.7,95.2,95.7,95.7,92.4,92.6,92.7,93.7,89.1,89.5,87.1,87.7,96.7,3.2,2.5,4.1,2.5,2.7,2.4,2.5,2.1,5.1,4.5,4.0,3.1,4.4,5.4,4.3,2.6,2.9,2.7,3.2,2.8,2.1,1.9,1.7,5.4,2.1,2.5,2.0,6.3,3.7,4.6,4.8,0.3,0.3,0.0,0.6,0.0,0.0,0.0,0.1,0.1,0.2,0.3,0.3,1.5,2.4,2.9,3.2,0.4
2020/2021,Roraima,Rural,Total,89.6,88.5,91.4,95.1,89.5,90.8,89.5,78.1,93.0,93.1,91.8,86.3,88.3,84.9,87.9,94.3,2.8,2.8,2.9,2.6,2.2,2.2,2.7,4.1,3.3,2.2,3.6,2.6,4.6,5.6,4.1,3.5,7.3,8.7,4.9,2.3,8.3,7.0,7.8,17.7,3.4,4.0,4.0,9.3,5.2,7.1,5.5,1.6,0.3,0.0,0.8,0.0,0.0,0.0,0.0,0.1,0.3,0.7,0.6,1.8,1.9,2.4,2.5,0.6
2020/2021,Roraima,Total,Privada,96.5,96.9,95.9,94.8,97.5,96.6,97.4,97.9,94.1,98.4,98.6,92.1,98.0,97.6,97.5,99.1,1.9,1.3,3.1,2.4,0.8,2.2,0.5,0.3,5.1,0.6,0.6,6.5,0.8,1.5,0.3,0.6,1.6,1.8,1.0,2.8,1.7,1.2,2.1,1.8,0.8,0.8,0.8,1.4,0.9,0.7,1.7,0.3,0.0,0.0,0.0,0.0,0.0,0.0,0.0,0.0,0.0,0.2,0.0,0.0,0.3,0.2,0.5,0.0
2020/2021,Roraima,Total,Pública,92.3,92.7,91.7,94.8,93.3,94.0,93.6,87.4,92.6,92.5,93.0,88.3,88.9,86.2,87.3,96.0,3.2,2.6,3.9,2.6,2.7,2.3,2.8,2.9,4.6,4.1,4.1,2.8,4.6,5.6,4.4,2.9,4.2,4.7,3.7,2.6,4.0,3.7,3.6,9.6,2.5,3.0,2.4,7.2,4.1,5.3,5.1,0.6,0.3,0.0,0.7,0.0,0.0,0.0,0.0,0.1,0.3,0.4,0.5,1.7,2.4,2.9,3.2,0.5
2020/2021,Pará,Total,Total,93.3,94.3,91.9,95.1,95.5,94.8,95.0,91.5,93.3,92.7,94.4,86.2,95.0,93.4,94.3,98.2,3.0,3.2,2.7,2.8,2.7,3.4,3.2,3.8,3.1,2.5,2.1,2.8,1.4,1.7,1.1,1.3,3.0,2.3,3.9,2.1,1.8,1.8,1.7,3.9,2.5,2.3,2.3,9.7,3.0,4.2,3.9,0.4,0.7,0.2,1.5,0.0,0.0,0.0,0.1,0.8,1.1,2.5,1.2,1.3,0.6,0.7,0.7,0.1
2020/2021,Pará,Urbana,Total,94.0,94.6,93.3,94.8,95.3,94.9,95.3,92.6,93.8,93.1,95.1,91.1,95.0,93.3,94.3,98.2,2.7,3.0,2.4,2.9,2.9,3.3,3.0,3.1,3.1,2.4,2.0,1.9,1.5,1.8,1.2,1.4,2.4,2.2,2.8,2.3,1.8,1.8,1.5,3.5,2.1,1.9,1.7,5.8,3.1,4.2,3.9,0.4,0.9,0.2,1.5,0.0,0.0,0.0,0.2,0.8,1.0,2.6,1.2,1.2,0.4,0.7,0.6,0.0
2020/2021,Pará,Rural,Total,91.8,93.8,88.7,95.5,95.8,94.8,94.3,89.5,92.4,91.8,92.7,73.9,95.7,94.5,94.9,98.5,3.5,3.6,3.3,2.6,2.4,3.5,3.6,5.2,3.2,2.8,2.5,5.2,1.0,1.0,0.9,1.3,4.0,2.4,6.5,1.9,1.8,1.7,1.9,4.6,3.2,3.2,3.5,19.6,2.9,4.0,3.7,0.2,0.7,0.2,1.5,0.0,0.0,0.0,0.2,0.7,1.2,2.2,1.3,1.3,0.4,0.5,0.5,0.0
2020/2021,Pará,Total,Privada,91.0,89.4,93.4,85.4,88.7,89.5,91.8,91.8,91.7,93.8,94.8,93.4,94.3,93.1,92.0,98.2,5.2,6.3,3.7,8.5,6.8,6.3,5.1,4.6,5.0,3.5,2.7,3.2,2.2,2.9,2.3,1.1,3.7,4.3,2.8,6.1,4.5,4.2,3.1,3.6,3.3,2.5,2.3,3.3,3.3,3.6,5.3,0.6,0.1,0.0,0.1,0.0,0.0,0.0,0.0,0.0,0.0,0.2,0.2,0.1,0.2,0.4,0.4,0.1
2020/2021,Pará,Total,Pública,93.5,94.8,91.8,96.3,96.3,95.4,95.3,91.5,93.5,92.6,94.3,85.5,95.1,93.5,94.6,98.2,2.8,2.9,2.6,2.1,2.2,3.1,3.1,3.8,3.0,2.4,2.1,2.8,1.4,1.6,1.0,1.4,2.9,2.1,4.0,1.6,1.5,1.5,1.5,4.0,2.4,2.3,2.2,10.4,3.0,4.2,3.7,0.4,0.8,0.2,1.6,0.0,0.0,0.0,0.1,0.7,1.1,2.7,1.4,1.3,0.5,0.7,0.7,0.0
2020/2021,Amapá,Total,Total,91.1,92.1,89.8,94.8,94.4,93.8,92.6,85.3,89.3,89.6,91.9,88.5,83.0,78.2,83.5,90.3,5.4,4.9,6.2,3.5,4.0,4.7,5.7,6.5,7.6,6.5,5.1,4.6,10.7,13.7,11.1,5.5,2.7,2.7,2.7,1.7,1.6,1.4,1.6,7.4,2.0,1.8,1.5,5.9,3.8,3.5,4.1,4.1,0.8,0.3,1.3,0.0,0.0,0.1,0.1,0.8,1.1,2.1,1.5,1.0,2.5,4.6,1.3,0.1
2020/2021,Amapá,Urbana,Total,92.7,94.2,90.7,95.9,96.6,95.7,94.9,88.1,90.7,90.5,92.2,89.2,82.3,76.5,82.9,91.0,4.0,2.8,5.6,2.4,1.8,2.8,3.4,3.5,6.3,6.0,5.1,4.8,11.2,14.9,11.8,4.6,2.6,2.8,2.4,1.7,1.6,1.4,1.5,7.6,2.0,1.6,1.3,5.0,3.8,3.4,3.9,4.2,0.7,0.2,1.3,0.0,0.0,0.1,0.2,0.8,1.0,1.9,1.4,1.0,2.7,5.2,1.4,0.2
2020/2021,Amapá,Rural,Total,85.1,84.8,85.8,90.7,86.3,87.6,84.8,75.5,83.6,85.5,90.3,84.6,87.5,88.7,87.5,85.3,11.0,12.3,8.6,7.8,12.0,11.1,13.3,16.7,13.1,9.1,5.1,3.8,7.8,6.3,6.8,11.7,3.1,2.7,3.9,1.5,1.7,1.3,1.8,6.9,1.9,2.5,2.7,11.1,3.9,3.6,5.1,2.9,0.8,0.2,1.7,0.0,0.0,0.0,0.1,0.9,1.4,2.9,1.9,0.5,0.8,1.4,0.6,0.1
2020/2021,Amapá,Total,Privada,94.2,92.9,96.3,89.2,92.2,92.9,94.6,95.5,95.4,96.5,96.9,96.6,95.0,93.5,94.5,97.6,2.9,3.7,1.8,5.7,3.5,3.9,3.1,2.3,2.3,1.8,1.6,1.1,2.1,3.1,1.3,1.7,2.9,3.4,1.9,5.1,4.3,3.2,2.3,2.2,2.3,1.7,1.5,2.1,2.7,3.0,4.0,0.5,0.0,0.0,0.0,0.0,0.0,0.0,0.0,0.0,0.0,0.0,0.0,0.2,0.2,0.4,0.2,0.2
2020/2021,Amapá,Total,Pública,90.8,92.0,89.1,95.4,94.6,93.9,92.4,84.2,88.8,88.9,91.4,87.6,82.0,77.0,82.5,89.5,5.7,5.1,6.6,3.3,4.1,4.8,6.0,6.9,8.1,7.0,5.5,5.0,11.5,14.4,12.0,5.9,2.7,2.7,2.7,1.3,1.3,1.2,1.5,8.0,2.0,1.8,1.5,6.3,3.9,3.5,4.1,4.4,0.8,0.2,1.6,0.0,0.0,0.1,0.1,0.9,1.1,2.3,1.6,1.1,2.6,5.1,1.4,0.2
2020/2021,Tocantins,Total,Total,94.1,95.8,92.2,95.7,96.5,95.8,96.2,95.0,93.5,92.7,92.4,89.7,88.4,84.2,88.5,95.0,2.9,2.6,3.2,2.9,2.3,2.9,2.4,2.4,3.5,3.2,3.1,2.8,3.8,5.8,2.9,2.0,2.7,1.6,4.1,1.4,1.2,1.3,1.4,2.6,2.8,3.5,3.9,6.4,6.0,8.0,6.2,2.6,0.3,0.0,0.5,0.0,0.0,0.0,0.0,0.0,0.2,0.6,0.6,1.1,1.8,2.0,2.4,0.4
2020/2021,Tocantins,Urbana,Total,94.4,96.1,92.4,95.9,96.7,96.2,96.5,95.4,93.6,92.8,92.9,89.9,88.4,84.0,88.4,95.1,2.7,2.3,3.1,2.7,2.2,2.7,2.2,2.1,3.5,3.2,2.9,2.7,3.7,5.8,2.8,1.8,2.7,1.6,3.9,1.4,1.1,1.1,1.3,2.4,2.7,3.4,3.7,6.3,6.1,8.1,6.4,2.6,0.2,0.0,0.6,0.0,0.0,0.0,0.0,0.1,0.2,0.6,0.5,1.1,1.8,2.1,2.4,0.5
2020/2021,Tocantins,Rural,Total,92.5,94.0,90.6,94.6,95.2,93.7,94.5,92.3,92.8,91.9,89.0,88.0,89.4,86.6,89.7,93.4,3.9,4.0,3.8,3.7,3.3,4.4,4.1,4.1,3.6,3.3,4.5,3.7,4.8,5.8,4.2,3.9,3.3,2.0,5.0,1.7,1.5,1.9,1.4,3.6,3.3,4.4,5.4,7.6,4.9,6.3,5.0,2.4,0.3,0.0,0.6,0.0,0.0,0.0,0.0,0.0,0.3,0.4,1.1,0.7,0.9,1.3,1.1,0.3
2020/2021,Tocantins,Total,Privada,96.2,95.4,97.5,92.4,94.9,95.8,97.4,97.1,97.1,97.6,97.7,97.7,97.2,96.8,95.9,99.4,2.6,3.1,1.8,5.1,3.4,2.6,1.9,2.2,2.5,1.5,1.6,1.3,0.9,1.8,0.1,0.6,1.2,1.5,0.7,2.5,1.7,1.6,0.7,0.7,0.4,0.8,0.6,0.9,1.2,0.8,2.7,0.0,0.0,0.0,0.0,0.0,0.0,0.0,0.0,0.0,0.0,0.1,0.1,0.1,0.7,0.6,1.3,0.0
2020/2021,Tocantins,Total,Pública,93.9,95.9,91.8,96.3,96.7,95.8,96.1,94.8,93.2,92.4,92.0,89.0,87.9,83.5,88.0,94.7,2.9,2.5,3.3,2.5,2.1,2.9,2.5,2.4,3.6,3.4,3.2,3.0,4.0,6.0,3.1,2.0,2.9,1.6,4.3,1.2,1.2,1.3,1.4,2.7,2.9,3.8,4.1,6.9,6.3,8.3,6.4,2.7,0.3,0.0,0.6,0.0,0.0,0.0,0.0,0.1,0.3,0.4,0.7,1.1,1.8,2.2,2.5,0.6
2020/2021,Maranhão,Total,Total,91.0,93.0,88.6,93.1,93.9,93.7,93.4,91.2,91.6,91.0,91.4,78.8,84.7,83.4,84.4,86.8,4.4,4.4,4.5,4.3,3.9,4.3,4.4,4.9,4.9,4.4,3.8,4.7,5.1,5.2,3.7,6.7,3.7,2.5,5.0,2.6,2.2,2.0,2.1,3.6,2.7,3.1,3.5,12.2,8.7,9.0,10.7,6.1,0.9,0.1,1.9,0.0,0.0,0.0,0.1,0.3,0.8,1.5,1.3,4.3,1.5,2.4,1.2,0.4
2020/2021,Maranhão,Urbana,Total,91.9,93.4,90.1,93.1,94.1,93.9,93.7,92.4,91.9,91.4,92.3,84.0,84.9,83.6,84.7,86.7,4.2,4.2,4.3,4.2,3.9,4.2,4.2,4.2,5.0,4.4,3.7,4.1,5.2,5.2,3.7,6.8,3.1,2.3,4.0,2.7,2.0,1.9,2.0,3.1,2.4,2.7,2.8,9.0,8.5,8.7,10.3,6.1,0.8,0.1,1.6,0.0,0.0,0.0,0.1,0.3,0.7,1.5,1.2,2.9,1.4,2.5,1.3,0.4
2020/2021,Maranhão,Rural,Total,89.5,92.3,85.8,93.1,93.5,93.4,92.8,89.2,91.1,90.3,89.8,68.6,83.8,82.3,82.3,87.2,4.8,4.8,4.8,4.4,4.0,4.4,4.7,6.0,4.8,4.6,4.1,5.9,5.1,5.4,3.8,6.1,4.6,2.8,7.0,2.5,2.5,2.1,2.3,4.4,3.3,3.8,4.7,18.5,10.0,10.5,12.6,6.3,1.1,0.1,2.4,0.0,0.0,0.1,0.2,0.4,0.8,1.3,1.4,7.0,1.1,1.8,1.3,0.4
2020/2021,Maranhão,Total,Privada,91.5,90.3,93.9,86.7,89.7,91.0,92.2,92.2,93.7,94.1,94.5,93.3,92.8,91.3,91.4,96.4,5.1,5.9,3.7,8.4,6.3,5.5,4.9,4.3,4.1,3.6,3.4,3.5,2.6,3.6,1.8,2.0,3.3,3.8,2.3,4.9,4.0,3.5,2.9,3.5,2.2,2.1,1.9,2.9,4.1,4.5,6.0,1.4,0.1,0.0,0.1,0.0,0.0,0.0,0.0,0.0,0.0,0.2,0.2,0.3,0.5,0.6,0.8,0.2
2020/2021,Maranhão,Total,Pública,91.0,93.4,88.2,94.3,94.6,94.1,93.5,91.1,91.4,90.8,91.1,77.5,84.3,83.0,84.0,86.3,4.3,4.2,4.6,3.5,3.5,4.1,4.3,5.0,5.0,4.5,3.9,4.8,5.3,5.3,3.8,7.0,3.7,2.3,5.3,2.2,1.9,1.8,2.0,3.6,2.8,3.2,3.6,13.1,8.9,9.2,10.9,6.3,1.0,0.1,1.9,0.0,0.0,0.0,0.2,0.3,0.8,1.5,1.4,4.6,1.5,2.5,1.3,0.4
2020/2021,Piauí,Total,Total,93.2,94.8,91.2,95.2,95.7,95.0,95.0,93.2,92.2,91.5,93.0,87.5,89.2,86.0,89.6,93.4,3.1,3.0,3.3,3.0,2.7,3.3,3.0,3.0,3.8,3.3,2.6,3.5,4.4,5.8,3.5,3.4,2.7,1.9,3.6,1.8,1.6,1.7,1.7,2.9,2.5,2.6,2.6,7.1,5.3,6.4,5.9,2.9,1.0,0.3,1.9,0.0,0.0,0.0,0.3,0.9,1.5,2.6,1.8,1.9,1.1,1.8,1.0,0.3
2020/2021,Piauí,Urbana,Total,93.2,94.6,91.5,94.9,95.4,94.7,94.8,93.4,92.3,91.7,93.1,88.7,89.4,86.2,89.8,93.6,3.2,3.0,3.5,3.1,2.7,3.3,3.1,2.9,4.0,3.4,2.7,3.7,4.3,5.8,3.4,3.3,2.6,2.1,3.1,2.0,1.9,1.9,1.8,2.9,2.4,2.5,2.2,5.7,5.1,6.2,5.8,2.8,1.0,0.3,1.9,0.0,0.0,0.1,0.3,0.8,1.3,2.4,2.0,1.9,1.2,1.8,1.0,0.3
2020/2021,Piauí,Rural,Total,93.1,95.2,90.1,96.2,96.5,95.5,95.4,92.7,92.1,91.0,92.6,83.3,85.8,82.5,86.5,90.1,2.9,3.0,2.8,2.8,2.5,3.2,2.8,3.5,3.1,3.3,2.2,2.6,5.7,6.5,4.8,5.4,3.0,1.5,5.1,1.0,1.0,1.2,1.4,2.7,2.9,3.2,3.7,12.2,7.6,9.5,8.1,4.1,1.0,0.3,2.0,0.0,0.0,0.1,0.4,1.1,1.9,2.5,1.5,1.9,0.9,1.5,0.6,0.4
2020/2021,Piauí,Total,Privada,93.1,92.4,94.2,88.8,92.2,93.0,93.9,93.8,94.5,94.7,95.3,92.3,93.8,92.5,92.0,97.4,3.8,4.4,3.0,7.2,4.3,4.0,3.4,3.3,3.1,2.6,2.5,3.8,3.3,4.7,3.0,2.0,2.9,3.2,2.5,4.0,3.5,3.0,2.7,2.9,2.4,2.2,1.8,3.5,2.6,2.5,4.6,0.5,0.2,0.0,0.3,0.0,0.0,0.0,0.0,0.0,0.0,0.5,0.4,0.4,0.3,0.3,0.4,0.1
2020/2021,Piauí,Total,Pública,93.2,95.2,90.8,96.5,96.4,95.3,95.2,93.1,91.9,91.1,92.6,86.8,88.7,85.3,89.3,92.9,3.0,2.7,3.4,2.1,2.3,3.1,2.9,3.0,3.9,3.4,2.6,3.4,4.5,5.9,3.5,3.6,2.6,1.7,3.7,1.4,1.3,1.5,1.5,2.9,2.5,2.7,2.7,7.6,5.6,6.8,6.1,3.2,1.2,0.4,2.1,0.0,0.0,0.1,0.4,1.0,1.7,2.8,2.1,2.2,1.2,2.0,1.1,0.3
2020/2021,Ceará,Total,Total,96.4,96.8,95.9,95.5,96.8,97.1,97.4,97.2,96.6,96.6,97.0,93.2,94.5,92.3,93.6,98.1,1.5,1.8,1.2,2.8,1.9,1.7,1.4,1.2,1.8,1.1,0.8,1.0,1.3,1.9,1.1,0.7,1.9,1.4,2.4,1.7,1.3,1.2,1.2,1.6,1.4,1.5,1.6,5.6,3.9,5.3,4.7,1.1,0.2,0.0,0.5,0.0,0.0,0.0,0.0,0.0,0.2,0.8,0.6,0.2,0.3,0.5,0.6,0.1
2020/2021,Ceará,Urbana,Total,96.1,96.3,95.9,94.6,96.2,96.6,97.1,96.8,96.2,96.4,96.9,93.9,94.5,92.3,93.6,98.1,1.7,2.1,1.3,3.3,2.2,1.9,1.6,1.3,2.0,1.2,0.9,1.1,1.3,1.9,1.2,0.7,1.9,1.6,2.3,2.1,1.6,1.5,1.3,1.8,1.5,1.6,1.5,4.8,3.9,5.3,4.7,1.1,0.3,0.0,0.5,0.0,0.0,0.0,0.0,0.1,0.3,0.8,0.7,0.2,0.3,0.5,0.5,0.1
2020/2021,Ceará,Rural,Total,97.6,98.9,96.0,98.9,99.1,98.8,98.8,98.8,98.0,97.6,97.2,90.5,94.8,92.7,94.4,98.0,0.6,0.6,0.6,0.6,0.5,0.8,0.7,0.4,0.9,0.7,0.6,0.4,1.2,1.6,0.9,1.0,1.7,0.5,3.1,0.5,0.4,0.4,0.5,0.8,1.0,1.3,1.9,8.9,3.8,5.6,4.3,1.0,0.1,0.0,0.3,0.0,0.0,0.0,0.0,0.0,0.1,0.4,0.3,0.2,0.2,0.1,0.4,0.0
2020/2021,Ceará,Total,Privada,92.3,90.7,94.8,86.0,89.9,91.6,92.9,93.4,93.6,94.5,96.0,95.4,96.1,94.7,94.9,99.1,4.6,5.7,2.8,9.2,6.1,5.0,4.4,3.5,3.9,3.0,2.0,1.9,1.3,2.3,1.1,0.5,3.1,3.6,2.3,4.8,4.0,3.4,2.7,3.1,2.5,2.4,1.8,2.6,2.2,2.7,3.3,0.3,0.0,0.0,0.1,0.0,0.0,0.0,0.0,0.0,0.0,0.1,0.2,0.1,0.4,0.3,0.7,0.1
2020/2021,Ceará,Total,Pública,97.5,98.7,96.1,98.8,99.0,98.7,98.7,98.2,97.2,97.1,97.2,92.8,94.3,92.1,93.5,98.1,0.7,0.6,0.8,0.6,0.5,0.7,0.6,0.5,1.3,0.7,0.6,0.8,1.3,1.8,1.2,0.7,1.6,0.7,2.5,0.6,0.5,0.6,0.7,1.2,1.2,1.4,1.6,6.2,4.0,5.6,4.8,1.2,0.2,0.0,0.6,0.0,0.0,0.0,0.0,0.1,0.3,0.8,0.6,0.2,0.4,0.5,0.5,0.0
2020/2021,Rio Grande do Norte,Total,Total,93.9,94.3,93.5,94.6,95.1,95.5,94.7,91.7,93.9,93.8,95.7,89.9,93.7,92.6,94.3,94.9,3.0,3.5,2.4,3.8,3.4,3.0,3.5,3.7,2.9,2.3,1.7,2.5,3.1,3.6,1.6,4.3,2.4,2.1,2.7,1.6,1.5,1.5,1.6,4.0,1.9,1.7,1.5,6.7,2.0,2.2,2.9,0.7,0.7,0.1,1.4,0.0,0.0,0.0,0.2,0.6,1.3,2.2,1.1,0.9,1.2,1.6,1.2,0.1
2020/2021,Rio Grande do Norte,Urbana,Total,93.8,94.0,93.6,94.1,94.7,95.1,94.5,91.8,93.9,93.8,95.7,90.7,93.7,92.6,94.2,94.9,3.1,3.6,2.4,4.2,3.6,3.2,3.7,3.6,2.9,2.4,1.7,2.5,3.1,3.6,1.6,4.2,2.4,2.2,2.5,1.7,1.7,1.7,1.7,4.1,1.8,1.7,1.4,5.9,2.0,2.2,2.9,0.7,0.7,0.2,1.5,0.0,0.0,0.0,0.1,0.5,1.4,2.1,1.2,0.9,1.2,1.6,1.3,0.2
2020/2021,Rio Grande do Norte,Rural,Total,94.3,95.3,92.2,96.8,96.5,96.9,95.7,91.1,93.6,94.0,95.4,83.3,94.1,92.4,95.6,94.9,2.7,2.9,2.2,2.3,2.6,2.1,2.9,4.3,2.8,1.7,1.5,2.4,3.1,3.1,1.9,4.6,2.5,1.6,4.2,0.9,0.9,1.0,1.2,3.8,2.5,1.8,1.9,13.4,1.6,2.1,2.0,0.5,0.5,0.2,1.4,0.0,0.0,0.0,0.2,0.8,1.1,2.5,1.2,0.9,1.2,2.4,0.5,0.0
2020/2021,Rio Grande do Norte,Total,Privada,91.1,89.6,93.4,86.4,88.4,90.6,91.4,91.0,93.0,93.1,94.8,92.7,92.6,90.6,90.1,98.4,5.6,6.9,3.8,9.6,7.8,6.0,5.5,5.5,4.3,4.0,2.9,3.6,2.6,5.1,1.3,0.6,3.2,3.5,2.6,4.0,3.8,3.4,3.1,3.5,2.6,2.6,1.9,3.1,4.0,3.3,7.5,0.9,0.1,0.0,0.2,0.0,0.0,0.0,0.0,0.0,0.1,0.3,0.4,0.6,0.8,1.0,1.1,0.1
2020/2021,Rio Grande do Norte,Total,Pública,94.7,95.7,93.5,97.5,97.4,97.1,95.6,91.8,94.1,93.9,95.9,89.1,93.9,92.9,94.9,94.4,2.3,2.4,2.1,1.7,1.8,2.0,3.0,3.2,2.6,2.0,1.4,2.2,3.2,3.4,1.7,4.8,2.1,1.7,2.7,0.8,0.8,0.9,1.2,4.2,1.7,1.5,1.3,7.7,1.8,2.0,2.2,0.7,0.9,0.2,1.7,0.0,0.0,0.0,0.2,0.8,1.6,2.6,1.4,1.0,1.1,1.7,1.2,0.1
2020/2021,Paraíba,Total,Total,92.7,93.2,92.1,91.3,93.6,93.9,94.5,92.6,92.6,92.7,93.5,89.0,92.3,90.6,90.8,97.0,3.5,4.1,2.7,6.0,4.0,3.9,3.4,3.6,3.4,2.6,2.0,2.6,2.0,2.6,1.5,1.5,3.1,2.6,3.8,2.7,2.4,2.2,2.0,3.4,3.0,2.9,3.1,6.9,4.3,5.0,5.7,1.3,0.7,0.1,1.4,0.0,0.0,0.0,0.1,0.4,1.0,1.8,1.4,1.5,1.4,1.8,2.0,0.2
2020/2021,Paraíba,Urbana,Total,92.4,92.7,92.1,90.1,92.7,93.4,94.2,92.8,92.5,92.8,93.5,89.3,92.2,90.4,90.7,97.0,3.5,4.3,2.7,6.6,4.3,4.1,3.4,3.3,3.4,2.6,2.0,2.7,2.0,2.6,1.5,1.5,3.3,2.8,3.8,3.3,3.0,2.5,2.2,3.5,3.0,2.9,3.1,6.5,4.3,5.1,5.7,1.4,0.8,0.2,1.4,0.0,0.0,0.0,0.2,0.4,1.1,1.7,1.4,1.5,1.5,1.9,2.1,0.1
2020/2021,Paraíba,Rural,Total,94.1,95.1,91.7,95.8,96.8,95.8,95.7,91.9,93.1,92.7,93.6,86.1,94.8,94.4,92.9,97.7,3.1,3.3,2.5,3.4,2.4,3.3,3.0,4.5,3.2,2.5,1.9,2.0,1.4,1.2,1.6,1.6,2.3,1.4,4.4,0.8,0.8,0.9,1.0,3.3,2.7,3.2,3.2,9.9,2.9,3.0,4.6,0.7,0.5,0.2,1.4,0.0,0.0,0.0,0.3,0.3,1.0,1.6,1.3,2.0,0.9,1.4,0.9,0.0
2020/2021,Paraíba,Total,Privada,88.3,86.3,91.7,78.7,85.4,87.8,90.0,89.9,91.2,93.1,92.3,90.0,89.6,86.8,85.5,98.3,6.7,8.6,3.5,14.7,9.1,7.6,6.0,5.6,4.7,3.1,2.9,3.2,1.7,2.8,1.3,0.6,5.0,5.1,4.7,6.6,5.5,4.6,4.0,4.5,4.1,3.8,4.7,6.6,8.6,10.3,12.9,1.0,0.0,0.0,0.1,0.0,0.0,0.0,0.0,0.0,0.0,0.0,0.1,0.2,0.1,0.1,0.3,0.1
2020/2021,Paraíba,Total,Pública,93.9,95.5,92.1,96.2,96.6,95.8,95.8,93.3,92.9,92.7,93.7,88.7,92.8,91.1,91.8,96.8,2.6,2.6,2.5,2.5,2.0,2.8,2.6,3.0,3.2,2.5,1.8,2.5,2.0,2.5,1.5,1.7,2.6,1.7,3.6,1.3,1.4,1.3,1.4,3.2,2.7,2.7,2.7,6.9,3.6,4.2,4.3,1.4,0.9,0.2,1.8,0.0,0.0,0.1,0.2,0.5,1.2,2.1,1.8,1.9,1.6,2.2,2.4,0.1
2020/2021,Pernambuco,Total,Total,93.7,94.0,93.2,91.6,93.8,94.9,95.6,93.7,94.9,94.3,95.0,88.1,89.7,87.6,86.0,97.3,2.4,3.1,1.5,5.1,3.6,2.8,2.5,2.0,1.7,1.4,1.0,1.7,1.4,1.5,0.7,2.0,3.4,2.7,4.1,3.3,2.6,2.3,1.8,3.9,2.6,2.6,2.8,9.2,7.2,9.0,10.2,0.6,0.5,0.2,1.2,0.0,0.0,0.0,0.1,0.4,0.8,1.7,1.2,1.0,1.7,1.9,3.1,0.1
2020/2021,Pernambuco,Urbana,Total,93.3,93.3,93.2,90.3,93.0,94.2,95.2,93.4,94.7,94.1,95.0,88.5,89.8,87.6,86.0,97.6,2.6,3.6,1.6,5.9,4.1,3.2,2.7,2.2,1.9,1.5,1.1,1.8,1.2,1.2,0.6,1.8,3.5,3.0,4.0,3.8,2.9,2.6,2.0,4.0,2.7,2.6,2.8,8.7,7.2,9.2,10.3,0.5,0.6,0.1,1.2,0.0,0.0,0.0,0.1,0.4,0.7,1.8,1.1,1.0,1.8,2.0,3.1,0.1
2020/2021,Pernambuco,Rural,Total,95.5,96.8,93.2,97.0,97.4,97.4,97.4,94.8,96.1,94.9,94.8,85.5,88.1,86.7,86.2,92.7,1.3,1.5,0.9,1.9,1.6,1.4,1.4,1.3,0.8,0.9,0.6,1.2,3.9,4.6,1.9,5.5,2.7,1.6,4.7,1.1,1.0,1.2,1.0,3.4,2.3,2.5,3.1,12.6,6.6,7.2,9.7,1.5,0.5,0.1,1.2,0.0,0.0,0.0,0.2,0.5,0.8,1.7,1.5,0.7,1.4,1.5,2.2,0.3
2020/2021,Pernambuco,Total,Privada,89.0,86.8,93.2,80.1,85.7,88.0,90.2,90.6,91.9,93.6,94.6,92.9,94.8,93.8,92.2,98.9,6.7,8.2,3.9,12.8,9.0,7.2,6.3,5.1,5.1,3.7,3.2,3.6,1.9,2.7,2.2,0.6,4.3,5.0,2.8,7.1,5.3,4.8,3.5,4.3,3.0,2.6,2.1,3.3,3.2,3.3,5.4,0.5,0.0,0.0,0.1,0.0,0.0,0.0,0.0,0.0,0.0,0.1,0.1,0.2,0.1,0.2,0.2,0.0
2020/2021,Pernambuco,Total,Pública,95.2,96.9,93.2,97.3,97.7,97.5,97.7,94.7,95.6,94.4,95.0,87.0,89.1,86.9,85.3,97.1,1.0,1.1,0.9,1.3,1.1,1.2,1.0,1.0,0.9,0.9,0.5,1.3,1.3,1.3,0.5,2.2,3.1,1.8,4.5,1.4,1.2,1.3,1.2,3.7,2.5,2.6,3.0,10.6,7.6,9.6,10.8,0.6,0.7,0.2,1.4,0.0,0.0,0.0,0.1,0.6,1.0,2.1,1.5,1.1,2.0,2.2,3.4,0.1
2020/2021,Alagoas,Total,Total,93.3,94.3,92.2,93.5,95.1,95.2,95.5,92.0,93.7,93.6,92.5,88.1,90.9,87.9,89.0,98.3,2.4,2.8,2.0,3.6,2.6,2.5,2.4,2.9,2.5,1.6,1.7,1.9,2.2,3.3,1.6,1.2,3.5,2.8,4.2,2.9,2.3,2.3,2.0,4.6,2.7,2.9,3.3,9.0,5.0,6.2,7.1,0.4,0.8,0.1,1.6,0.0,0.0,0.0,0.1,0.5,1.1,1.9,2.5,1.0,1.9,2.6,2.3,0.1
2020/2021,Alagoas,Urbana,Total,92.9,93.5,92.3,92.3,94.2,94.7,95.0,91.1,93.5,93.7,92.7,88.8,90.9,87.9,89.1,98.2,2.6,3.1,2.1,4.2,3.0,2.7,2.6,3.3,2.7,1.7,1.7,2.1,2.3,3.4,1.6,1.3,3.7,3.3,4.1,3.5,2.8,2.6,2.3,5.1,2.7,3.0,3.2,8.0,4.9,6.1,6.8,0.4,0.8,0.1,1.5,0.0,0.0,0.0,0.1,0.5,1.1,1.6,2.4,1.1,1.9,2.6,2.5,0.1
2020/2021,Alagoas,Rural,Total,94.7,96.4,91.7,96.7,97.4,96.7,97.1,94.2,94.9,93.3,92.0,84.7,90.6,87.8,86.7,99.8,1.7,1.9,1.4,2.0,1.5,2.0,1.8,1.9,1.7,1.3,1.6,0.9,0.7,1.2,0.5,0.2,2.9,1.6,5.1,1.3,1.1,1.2,1.0,3.3,2.4,2.8,3.7,13.6,7.0,7.9,11.7,0.0,0.7,0.1,1.8,0.0,0.0,0.1,0.1,0.6,1.0,2.6,2.7,0.8,1.7,3.1,1.1,0.0
2020/2021,Alagoas,Total,Privada,89.7,87.9,92.6,81.9,86.9,88.8,91.1,90.9,90.2,92.9,94.7,92.8,92.9,90.4,91.0,98.7,5.1,6.1,3.6,9.8,6.6,5.5,4.5,4.3,5.7,3.2,2.1,2.9,1.8,2.9,1.5,0.5,5.1,6.0,3.8,8.3,6.5,5.7,4.4,4.8,4.0,3.8,3.0,4.1,5.1,6.3,7.1,0.8,0.1,0.0,0.0,0.0,0.0,0.0,0.0,0.0,0.1,0.1,0.2,0.2,0.2,0.4,0.4,0.0
2020/2021,Alagoas,Total,Pública,94.1,95.9,92.1,96.7,97.3,96.8,96.6,92.2,94.4,93.7,92.1,87.2,90.6,87.5,88.6,98.3,1.8,1.9,1.7,1.9,1.5,1.8,1.9,2.6,2.0,1.4,1.6,1.7,2.3,3.4,1.6,1.3,3.1,2.0,4.3,1.4,1.2,1.4,1.4,4.6,2.4,2.8,3.4,10.0,5.0,6.2,7.0,0.3,1.0,0.2,1.9,0.0,0.0,0.0,0.1,0.6,1.2,2.1,2.9,1.1,2.1,2.9,2.8,0.1
2020/2021,Sergipe,Total,Total,94.3,95.1,93.3,94.8,95.4,95.9,95.5,93.7,93.7,93.8,94.9,90.4,91.5,89.3,93.7,92.2,2.1,2.5,1.6,2.9,2.4,2.4,2.5,2.2,2.2,1.7,1.3,1.1,1.9,1.2,0.6,4.4,2.7,2.2,3.4,2.3,2.2,1.6,1.7,3.3,2.8,2.5,2.4,6.5,4.8,5.3,5.4,3.4,0.9,0.2,1.7,0.0,0.0,0.1,0.3,0.8,1.3,2.0,1.4,2.0,1.8,4.2,0.3,0.0
2020/2021,Sergipe,Urbana,Total,94.2,94.7,93.7,94.1,94.8,95.4,95.5,93.8,93.6,94.0,95.1,91.8,91.8,90.1,93.8,92.2,2.1,2.6,1.6,3.2,2.7,2.6,2.5,2.2,2.3,1.7,1.3,1.0,1.8,1.1,0.5,4.4,2.7,2.4,3.0,2.7,2.5,2.0,1.8,3.3,2.6,2.3,2.1,5.3,4.7,5.2,5.3,3.4,1.0,0.3,1.7,0.0,0.0,0.0,0.2,0.7,1.5,2.0,1.5,1.9,1.7,3.6,0.4,0.0
2020/2021,Sergipe,Rural,Total,94.5,96.1,91.8,97.1,97.4,97.1,95.7,93.6,93.8,92.9,94.2,83.4,85.6,78.1,91.5,92.4,1.9,2.1,1.5,1.8,1.4,2.0,2.7,2.3,1.7,1.6,1.3,1.4,3.3,4.0,1.5,4.2,2.9,1.6,5.1,1.1,1.2,0.9,1.4,3.3,3.4,3.4,3.6,12.2,5.9,6.8,6.8,3.3,0.7,0.2,1.6,0.0,0.0,0.0,0.2,0.8,1.1,2.1,0.9,3.0,5.2,11.1,0.2,0.1
2020/2021,Sergipe,Total,Privada,94.0,92.7,96.0,89.6,91.6,93.0,94.8,94.6,94.8,96.2,96.8,96.5,96.2,95.2,94.4,99.2,3.1,3.9,1.9,5.7,4.1,3.9,2.9,2.7,2.9,1.8,1.5,1.1,0.7,1.2,0.6,0.2,2.9,3.4,2.0,4.7,4.3,3.1,2.3,2.7,2.3,1.9,1.7,2.2,2.9,3.2,4.8,0.5,0.0,0.0,0.1,0.0,0.0,0.0,0.0,0.0,0.0,0.1,0.0,0.2,0.2,0.4,0.2,0.1
2020/2021,Sergipe,Total,Pública,94.4,95.9,92.7,97.1,97.0,96.8,95.8,93.5,93.4,93.2,94.4,88.7,90.6,88.4,93.6,90.6,1.8,2.0,1.5,1.6,1.7,2.0,2.4,2.1,2.0,1.6,1.2,1.1,2.1,1.2,0.6,5.3,2.7,1.8,3.7,1.3,1.3,1.2,1.5,3.5,2.9,2.7,2.6,7.7,5.2,5.6,5.5,4.1,1.1,0.3,2.1,0.0,0.0,0.0,0.3,0.9,1.7,2.5,1.8,2.5,2.1,4.8,0.3,0.0
2020/2021,Bahia,Total,Total,91.3,92.4,90.0,91.5,92.8,92.8,93.7,90.8,91.2,90.8,92.5,84.4,80.1,91.0,91.8,25.6,4.3,4.1,4.6,4.7,4.0,4.4,3.9,3.8,4.5,4.0,3.2,6.8,14.7,2.9,2.1,73.4,3.6,3.3,3.9,3.8,3.2,2.7,2.2,4.7,2.9,2.8,2.8,7.9,4.9,5.6,5.9,0.7,0.8,0.2,1.5,0.0,0.0,0.1,0.2,0.7,1.4,2.4,1.5,0.9,0.3,0.5,0.2,0.3
2020/2021,Bahia,Urbana,Total,91.1,91.7,90.4,90.1,91.8,92.1,93.4,90.6,91.2,90.9,92.8,85.8,80.3,91.3,92.0,25.6,4.4,4.3,4.5,5.3,4.4,4.6,3.8,3.6,4.6,4.0,3.0,6.5,14.7,3.0,2.1,73.4,3.7,3.8,3.6,4.6,3.8,3.2,2.5,5.1,2.9,2.7,2.6,6.7,4.6,5.2,5.7,0.7,0.8,0.2,1.5,0.0,0.0,0.1,0.3,0.7,1.3,2.4,1.6,1.0,0.4,0.5,0.2,0.3
2020/2021,Bahia,Rural,Total,92.0,94.2,88.5,95.6,95.7,94.6,94.3,91.2,91.2,90.3,91.2,79.0,77.3,87.1,89.4,25.5,4.1,3.6,4.9,3.0,2.9,3.9,3.9,4.1,4.3,4.2,3.9,7.9,14.3,2.4,1.4,73.3,3.1,1.9,4.9,1.4,1.4,1.4,1.5,3.6,2.9,3.2,3.4,12.2,7.9,9.8,8.9,0.8,0.8,0.3,1.7,0.0,0.0,0.1,0.3,1.1,1.6,2.3,1.5,0.9,0.5,0.7,0.3,0.4
2020/2021,Bahia,Total,Privada,87.6,85.3,91.7,78.0,83.1,86.1,89.5,89.2,90.3,91.8,93.6,91.5,93.2,91.3,91.2,98.1,5.9,7.0,3.8,11.0,8.2,6.6,5.1,4.6,4.6,3.7,2.9,4.1,2.3,3.8,1.6,1.3,6.5,7.7,4.3,11.0,8.7,7.3,5.4,6.2,5.0,4.4,3.4,4.4,4.4,4.8,7.1,0.6,0.0,0.0,0.2,0.0,0.0,0.0,0.0,0.0,0.1,0.1,0.1,0.0,0.1,0.1,0.1,0.0
2020/2021,Bahia,Total,Pública,92.1,94.2,89.7,95.7,95.7,94.4,94.7,91.1,91.3,90.6,92.3,83.2,78.6,91.0,91.9,10.7,4.0,3.4,4.7,2.8,2.8,3.9,3.5,3.6,4.5,4.1,3.3,7.3,16.1,2.9,2.1,88.2,2.9,2.1,3.8,1.5,1.5,1.6,1.5,4.3,2.6,2.6,2.7,8.5,4.9,5.6,5.8,0.7,1.0,0.3,1.8,0.0,0.0,0.1,0.3,1.0,1.6,2.7,1.7,1.0,0.4,0.5,0.2,0.4
2020/2021,Minas Gerais,Total,Total,95.6,97.4,93.5,97.5,97.7,97.6,97.8,96.3,94.1,94.3,94.5,90.7,85.4,81.7,86.1,89.8,2.0,1.5,2.6,1.6,1.4,1.5,1.4,1.4,3.1,2.6,2.2,2.3,3.1,4.7,2.3,2.1,2.3,1.1,3.5,0.9,0.9,0.9,0.8,2.3,2.7,2.7,2.9,6.5,8.6,10.2,8.2,7.0,0.1,0.0,0.4,0.0,0.0,0.0,0.0,0.0,0.1,0.4,0.4,0.5,2.9,3.4,3.4,1.1
2020/2021,Minas Gerais,Urbana,Total,95.5,97.4,93.5,97.5,97.7,97.7,97.9,96.4,94.0,94.3,94.4,90.8,85.3,81.6,86.0,89.7,2.0,1.4,2.6,1.5,1.4,1.5,1.3,1.4,3.1,2.6,2.2,2.3,3.1,4.6,2.3,2.0,2.3,1.2,3.5,1.0,0.9,0.8,0.8,2.2,2.7,2.7,2.9,6.3,8.7,10.3,8.2,7.1,0.2,0.0,0.4,0.0,0.0,0.0,0.0,0.0,0.2,0.4,0.5,0.6,2.9,3.5,3.5,1.2
2020/2021,Minas Gerais,Rural,Total,96.0,97.0,94.2,97.4,97.7,97.0,97.3,96.0,95.6,95.6,95.5,89.2,89.4,85.3,90.3,93.7,1.8,1.8,1.9,1.8,1.5,2.1,1.9,1.9,2.1,1.9,1.7,1.8,4.2,6.7,2.7,2.7,2.1,1.2,3.7,0.8,0.8,0.9,0.8,2.1,2.2,2.3,2.6,8.6,5.6,6.7,6.3,3.4,0.1,0.0,0.2,0.0,0.0,0.0,0.0,0.0,0.1,0.2,0.2,0.4,0.8,1.3,0.7,0.2
2020/2021,Minas Gerais,Total,Privada,97.4,97.3,97.5,95.7,97.3,97.8,98.1,97.7,97.8,97.6,97.8,96.7,96.8,95.8,96.0,99.0,1.5,1.5,1.6,2.7,1.4,1.2,1.1,1.1,1.5,1.5,1.4,1.9,1.1,2.1,0.8,0.4,1.1,1.2,0.9,1.6,1.3,1.0,0.8,1.2,0.7,0.9,0.8,1.4,1.8,1.9,2.7,0.5,0.0,0.0,0.0,0.0,0.0,0.0,0.0,0.0,0.0,0.0,0.0,0.0,0.3,0.2,0.5,0.1
2020/2021,Minas Gerais,Total,Pública,95.3,97.4,93.0,97.8,97.8,97.6,97.8,96.1,93.6,93.9,94.1,89.9,84.2,80.2,85.0,88.7,2.0,1.5,2.7,1.4,1.4,1.6,1.4,1.5,3.3,2.7,2.3,2.4,3.4,4.9,2.4,2.3,2.4,1.1,3.9,0.8,0.8,0.8,0.8,2.4,2.9,2.9,3.2,7.1,9.4,11.0,8.8,7.7,0.3,0.0,0.4,0.0,0.0,0.0,0.0,0.0,0.2,0.5,0.4,0.6,3.0,3.9,3.8,1.3
2020/2021,Espírito Santo,Total,Total,96.4,97.6,94.9,97.9,97.9,97.5,97.7,96.8,96.2,95.1,95.2,92.6,89.2,85.6,87.7,97.6,1.2,1.3,1.1,1.3,1.2,1.5,1.3,1.1,1.3,1.2,1.0,1.0,2.2,3.3,1.5,1.2,1.8,1.1,2.8,0.8,0.9,1.0,0.9,1.8,1.8,2.1,2.2,5.5,4.2,5.9,4.4,0.8,0.6,0.0,1.2,0.0,0.0,0.0,0.1,0.3,0.7,1.6,1.6,0.9,4.4,5.2,6.4,0.4
2020/2021,Espírito Santo,Urbana,Total,96.5,97.7,95.1,97.9,98.0,97.6,97.8,97.0,96.3,95.2,95.3,93.2,89.2,85.5,87.6,97.9,1.2,1.2,1.1,1.3,1.1,1.5,1.3,1.0,1.3,1.1,1.0,1.0,2.1,3.2,1.4,1.0,1.7,1.0,2.6,0.8,0.9,0.9,0.9,1.8,1.7,2.1,2.1,4.9,4.2,6.0,4.4,0.7,0.6,0.1,1.2,0.0,0.0,0.0,0.0,0.2,0.7,1.6,1.6,0.9,4.5,5.3,6.6,0.4
2020/2021,Espírito Santo,Rural,Total,95.3,96.8,92.9,97.8,97.2,96.9,96.9,95.4,95.4,94.5,94.1,86.2,89.0,87.2,89.4,91.7,1.6,1.8,1.3,1.3,1.5,1.9,1.8,2.1,1.8,1.5,1.1,0.8,6.0,7.0,4.3,6.5,2.7,1.4,4.8,0.9,1.3,1.2,1.3,2.4,2.3,2.7,3.6,12.2,3.8,4.5,4.9,1.3,0.4,0.0,1.0,0.0,0.0,0.0,0.0,0.1,0.5,1.3,1.2,0.8,1.2,1.3,1.4,0.5
2020/2021,Espírito Santo,Total,Privada,97.7,97.2,98.3,96.3,96.5,96.8,98.1,98.2,98.3,98.4,98.6,98.0,96.3,95.3,95.1,99.0,1.5,2.0,0.8,2.6,2.6,2.4,1.3,0.8,1.1,0.8,0.7,0.5,1.5,2.5,1.2,0.4,0.8,0.8,0.8,1.1,0.9,0.8,0.6,1.0,0.6,0.7,0.6,1.4,1.8,1.9,3.1,0.3,0.0,0.0,0.1,0.0,0.0,0.0,0.0,0.0,0.0,0.1,0.1,0.1,0.4,0.3,0.6,0.3
2020/2021,Espírito Santo,Total,Pública,96.2,97.6,94.4,98.1,98.2,97.6,97.6,96.6,95.9,94.7,94.7,91.8,88.2,84.6,86.8,97.3,1.2,1.2,1.2,1.1,0.9,1.4,1.3,1.2,1.3,1.2,1.1,1.0,2.3,3.4,1.5,1.4,2.0,1.1,3.0,0.8,0.9,1.0,1.0,2.0,1.9,2.3,2.5,6.1,4.5,6.4,4.6,0.8,0.6,0.1,1.4,0.0,0.0,0.0,0.1,0.2,0.9,1.8,1.7,1.1,5.0,5.6,7.1,0.5
2020/2021,Rio de Janeiro,Total,Total,94.3,95.1,93.3,92.8,95.1,95.8,96.5,94.9,93.7,94.1,94.5,90.5,85.1,80.9,83.9,93.7,2.5,2.7,2.4,4.5,2.8,2.3,1.9,1.8,3.4,2.3,1.7,2.2,4.9,6.4,3.8,3.7,2.7,2.2,3.4,2.7,2.1,1.9,1.5,3.0,2.3,2.2,2.9,6.7,8.6,10.8,10.8,2.3,0.5,0.0,0.9,0.0,0.0,0.0,0.1,0.3,0.6,1.4,0.9,0.6,1.4,1.9,1.5,0.3
2020/2021,Rio de Janeiro,Urbana,Total,94.3,95.0,93.4,92.6,95.0,95.8,96.5,95.0,93.7,94.1,94.6,90.6,85.1,80.9,83.9,93.7,2.6,2.7,2.4,4.6,2.9,2.3,1.9,1.7,3.4,2.3,1.6,2.1,4.9,6.4,3.8,3.7,2.7,2.3,3.4,2.8,2.1,1.9,1.5,3.0,2.3,2.2,2.9,6.6,8.7,10.9,10.8,2.3,0.4,0.0,0.8,0.0,0.0,0.0,0.1,0.3,0.6,1.4,0.9,0.7,1.3,1.8,1.5,0.3
2020/2021,Rio de Janeiro,Rural,Total,94.9,96.1,92.6,96.1,96.6,96.6,97.1,94.2,93.6,94.0,93.8,87.6,86.0,82.5,84.3,93.4,2.5,2.3,3.0,2.6,2.2,2.4,1.8,2.5,3.7,2.9,2.8,2.3,5.3,6.5,4.4,4.6,2.2,1.5,3.6,1.3,1.2,1.0,1.0,3.0,2.1,2.0,2.6,9.1,7.6,9.4,10.1,1.7,0.4,0.1,0.8,0.0,0.0,0.0,0.1,0.3,0.6,1.1,0.8,1.0,1.1,1.6,1.2,0.3
2020/2021,Rio de Janeiro,Total,Privada,92.9,91.5,94.9,85.4,90.8,93.0,94.4,94.5,94.4,95.0,96.0,94.3,94.7,93.1,93.4,98.5,4.0,4.9,2.6,9.5,5.2,3.7,3.2,2.5,3.3,2.6,1.8,2.4,1.7,2.7,1.3,0.9,3.1,3.6,2.3,5.1,4.0,3.3,2.4,3.0,2.2,2.2,1.8,3.0,2.8,3.4,4.1,0.5,0.0,0.0,0.2,0.0,0.0,0.0,0.0,0.0,0.1,0.2,0.4,0.3,0.8,0.8,1.2,0.1
2020/2021,Rio de Janeiro,Total,Pública,94.9,96.8,92.7,96.9,97.3,97.2,97.5,95.1,93.4,93.8,94.0,88.9,82.9,78.4,81.6,92.3,1.9,1.6,2.4,1.8,1.6,1.6,1.3,1.5,3.4,2.3,1.6,2.1,5.7,7.2,4.4,4.5,2.6,1.5,3.8,1.3,1.1,1.2,1.1,3.0,2.3,2.2,3.3,8.3,10.0,12.4,12.4,2.8,0.6,0.1,1.1,0.0,0.0,0.0,0.1,0.4,0.9,1.7,1.1,0.7,1.4,2.0,1.6,0.4
2020/2021,São Paulo,Total,Total,98.4,98.7,98.0,98.6,98.8,98.7,98.9,98.6,98.2,98.2,98.1,97.3,95.4,94.3,94.6,97.7,0.8,0.7,0.9,0.7,0.7,0.8,0.6,0.7,1.0,0.9,0.8,0.9,1.8,2.4,1.3,1.4,0.8,0.6,1.0,0.7,0.5,0.5,0.5,0.7,0.7,0.7,0.9,1.7,2.3,2.6,3.1,0.7,0.0,0.0,0.1,0.0,0.0,0.0,0.0,0.0,0.1,0.2,0.2,0.1,0.5,0.7,1.0,0.2
2020/2021,São Paulo,Urbana,Total,98.4,98.7,98.0,98.6,98.8,98.7,98.9,98.7,98.2,98.2,98.1,97.3,95.4,94.4,94.6,97.8,0.8,0.7,0.9,0.8,0.7,0.8,0.6,0.7,1.0,0.9,0.8,0.9,1.7,2.4,1.3,1.4,0.7,0.6,1.0,0.6,0.5,0.5,0.5,0.6,0.7,0.7,0.8,1.6,2.2,2.6,3.1,0.7,0.1,0.0,0.1,0.0,0.0,0.0,0.0,0.0,0.1,0.2,0.3,0.2,0.7,0.6,1.0,0.1
2020/2021,São Paulo,Rural,Total,97.9,98.8,96.4,98.9,99.0,98.8,98.9,98.4,98.0,96.9,96.1,94.4,93.3,91.9,92.4,96.1,0.7,0.7,0.8,0.6,0.6,0.7,0.6,0.8,0.6,0.8,1.0,0.9,3.6,4.8,3.0,2.6,1.3,0.5,2.5,0.5,0.4,0.5,0.5,0.8,1.3,1.9,2.6,4.4,2.9,3.1,4.2,1.1,0.1,0.0,0.3,0.0,0.0,0.0,0.0,0.0,0.1,0.4,0.3,0.3,0.2,0.2,0.4,0.2
2020/2021,São Paulo,Total,Privada,98.6,98.5,98.7,98.1,98.4,98.5,98.8,98.7,98.7,98.8,99.0,98.3,98.5,97.9,98.2,99.6,0.6,0.7,0.5,0.9,0.7,0.8,0.5,0.5,0.6,0.5,0.4,0.4,0.5,0.8,0.2,0.3,0.8,0.8,0.8,1.0,0.9,0.7,0.7,0.8,0.7,0.7,0.6,1.3,0.9,1.2,1.4,0.1,0.0,0.0,0.0,0.0,0.0,0.0,0.0,0.0,0.0,0.0,0.0,0.0,0.1,0.1,0.2,0.0
2020/2021,São Paulo,Total,Pública,98.3,98.8,97.8,98.7,98.9,98.8,99.0,98.6,98.1,98.1,97.9,97.1,94.7,93.7,93.9,97.3,0.8,0.7,1.0,0.7,0.7,0.8,0.6,0.7,1.1,1.0,0.9,1.0,2.0,2.7,1.6,1.7,0.7,0.5,1.0,0.6,0.4,0.4,0.4,0.7,0.7,0.7,0.9,1.8,2.5,2.9,3.5,0.8,0.2,0.0,0.2,0.0,0.0,0.0,0.0,0.0,0.1,0.2,0.3,0.1,0.8,0.7,1.0,0.2
2020/2021,Paraná,Total,Total,95.7,97.8,93.2,98.2,97.4,97.7,98.5,97.1,94.7,93.8,93.4,90.6,84.4,82.2,79.1,93.6,1.7,1.5,2.0,1.3,2.1,1.8,1.1,1.0,2.1,2.2,2.0,1.8,2.8,3.7,2.6,2.0,2.5,0.7,4.6,0.5,0.5,0.5,0.4,1.9,3.0,3.7,4.3,7.4,12.4,13.7,18.1,4.4,0.1,0.0,0.2,0.0,0.0,0.0,0.0,0.0,0.2,0.3,0.3,0.2,0.4,0.4,0.2,0.0
2020/2021,Paraná,Urbana,Total,95.6,97.8,93.0,98.1,97.4,97.7,98.5,97.1,94.5,93.6,93.3,90.5,84.2,81.9,78.7,93.4,1.8,1.5,2.1,1.3,2.1,1.8,1.1,1.0,2.2,2.2,2.0,1.8,2.9,3.8,2.6,2.0,2.5,0.7,4.6,0.6,0.5,0.5,0.4,1.9,3.1,3.8,4.3,7.5,12.6,13.9,18.4,4.5,0.1,0.0,0.3,0.0,0.0,0.0,0.0,0.0,0.2,0.4,0.4,0.2,0.3,0.4,0.3,0.1
2020/2021,Paraná,Rural,Total,97.3,98.3,95.8,99.1,97.9,97.9,98.7,97.7,97.5,96.5,96.0,93.3,90.5,88.4,87.8,96.4,1.1,1.2,0.8,0.7,1.8,1.7,1.0,0.9,0.8,0.8,0.7,0.8,1.8,2.1,1.6,1.5,1.6,0.5,3.2,0.2,0.3,0.4,0.3,1.4,1.6,2.5,3.0,5.8,7.7,9.3,10.5,2.1,0.0,0.0,0.2,0.0,0.0,0.0,0.0,0.0,0.1,0.2,0.3,0.1,0.0,0.2,0.1,0.0
2020/2021,Paraná,Total,Privada,97.6,97.2,98.1,96.1,97.2,97.6,98.5,96.5,98.1,98.2,98.3,97.6,97.9,97.4,97.0,99.6,1.3,1.7,0.9,2.7,1.8,1.4,0.7,1.7,1.0,0.9,0.7,0.8,0.5,0.9,0.4,0.2,1.1,1.1,1.0,1.2,1.0,1.0,0.8,1.8,0.9,0.9,1.0,1.6,1.5,1.5,2.6,0.2,0.0,0.0,0.0,0.0,0.0,0.0,0.0,0.0,0.0,0.0,0.0,0.0,0.1,0.2,0.0,0.0
2020/2021,Paraná,Total,Pública,95.4,97.9,92.4,98.5,97.4,97.7,98.5,97.2,94.1,93.1,92.6,89.5,82.2,79.9,76.1,92.5,1.8,1.4,2.2,1.1,2.2,1.9,1.1,0.9,2.3,2.4,2.2,1.9,3.2,4.1,3.0,2.3,2.7,0.7,5.1,0.4,0.4,0.4,0.4,1.9,3.4,4.1,4.8,8.3,14.2,15.5,20.7,5.1,0.1,0.0,0.3,0.0,0.0,0.0,0.0,0.0,0.2,0.4,0.4,0.3,0.4,0.5,0.2,0.1
2020/2021,Santa Catarina,Total,Total,96.0,97.7,93.9,97.7,98.0,97.6,98.2,97.0,95.2,94.4,94.4,91.2,84.4,81.7,86.4,86.3,2.6,1.7,3.7,1.7,1.5,1.9,1.3,2.3,3.5,3.5,3.4,4.4,8.0,10.4,5.9,6.7,1.1,0.6,1.7,0.6,0.5,0.5,0.5,0.7,0.9,1.1,1.4,3.9,6.8,7.0,6.8,6.7,0.3,0.0,0.7,0.0,0.0,0.0,0.0,0.0,0.4,1.0,0.8,0.5,0.8,0.9,0.9,0.3
2020/2021,Santa Catarina,Urbana,Total,95.9,97.7,93.9,97.6,98.0,97.6,98.2,96.9,95.2,94.3,94.4,91.2,84.3,81.6,86.3,86.2,2.7,1.8,3.7,1.8,1.5,1.9,1.4,2.3,3.5,3.6,3.4,4.5,8.0,10.5,6.0,6.7,1.1,0.5,1.7,0.6,0.5,0.5,0.4,0.8,0.9,1.1,1.4,3.8,6.9,7.0,6.8,6.7,0.3,0.0,0.7,0.0,0.0,0.0,0.0,0.0,0.4,1.0,0.8,0.5,0.8,0.9,0.9,0.4
2020/2021,Santa Catarina,Rural,Total,96.7,98.2,94.2,98.8,98.2,97.7,98.7,97.5,95.9,95.3,94.3,90.8,88.3,86.6,89.4,89.8,2.0,1.3,3.0,0.7,1.5,1.8,0.9,1.7,3.1,2.8,3.2,3.0,6.1,7.3,4.3,6.1,1.1,0.5,2.2,0.5,0.3,0.5,0.4,0.7,0.6,1.4,1.6,5.8,5.1,5.3,5.8,4.0,0.2,0.0,0.6,0.0,0.0,0.0,0.0,0.1,0.4,0.5,0.9,0.4,0.5,0.8,0.5,0.1
2020/2021,Santa Catarina,Total,Privada,97.3,97.1,97.6,95.9,97.0,97.6,97.8,97.4,97.2,97.3,97.9,98.1,97.2,96.8,96.3,98.9,1.8,2.0,1.6,2.8,2.2,1.6,1.6,1.9,2.0,2.0,1.4,0.7,1.1,1.7,0.7,0.8,0.9,0.9,0.8,1.3,0.8,0.8,0.6,0.7,0.8,0.7,0.6,1.2,1.5,1.4,2.7,0.2,0.0,0.0,0.0,0.0,0.0,0.0,0.0,0.0,0.0,0.0,0.1,0.0,0.2,0.1,0.3,0.1
2020/2021,Santa Catarina,Total,Pública,95.8,97.8,93.4,98.0,98.2,97.7,98.3,96.9,95.0,94.0,93.9,90.2,82.6,79.8,84.9,84.4,2.7,1.7,3.9,1.5,1.4,1.9,1.3,2.3,3.7,3.7,3.6,4.9,9.0,11.5,6.7,7.6,1.1,0.5,1.9,0.5,0.4,0.4,0.4,0.7,0.9,1.2,1.5,4.3,7.6,7.7,7.5,7.6,0.4,0.0,0.8,0.0,0.0,0.0,0.0,0.1,0.4,1.1,1.0,0.6,0.8,1.0,0.9,0.4
2020/2021,Rio Grande do Sul,Total,Total,96.9,98.5,94.7,99.0,99.0,98.1,98.6,98.1,96.6,96.0,96.1,89.6,84.3,80.6,83.6,91.7,0.9,0.7,1.1,0.5,0.5,1.2,0.7,0.7,1.2,1.0,0.8,1.3,3.4,3.9,2.9,3.2,2.0,0.8,3.6,0.5,0.5,0.7,0.7,1.1,1.7,2.1,2.4,8.7,11.1,14.1,12.0,4.7,0.2,0.0,0.6,0.0,0.0,0.0,0.0,0.1,0.5,0.9,0.7,0.4,1.2,1.4,1.5,0.4
2020/2021,Rio Grande do Sul,Urbana,Total,96.9,98.5,94.9,98.9,99.0,98.1,98.6,98.1,96.7,96.0,96.2,90.1,84.3,80.8,83.5,91.7,0.9,0.7,1.0,0.5,0.4,1.2,0.7,0.7,1.1,0.9,0.7,1.3,3.3,3.5,2.9,3.2,1.9,0.8,3.4,0.6,0.6,0.7,0.7,1.1,1.7,2.1,2.3,8.2,11.2,14.3,12.1,4.7,0.3,0.0,0.7,0.0,0.0,0.0,0.0,0.1,0.5,1.0,0.8,0.4,1.2,1.4,1.5,0.4
2020/2021,Rio Grande do Sul,Rural,Total,96.1,98.5,93.1,99.2,98.9,98.2,98.4,97.7,96.1,95.2,95.0,84.8,83.3,75.7,87.6,92.1,1.2,1.0,1.6,0.5,0.8,1.3,1.1,1.0,1.9,1.8,1.4,1.3,7.4,12.9,2.8,3.2,2.4,0.5,4.9,0.3,0.3,0.5,0.5,1.2,1.7,2.4,3.1,13.6,8.7,10.7,9.1,4.6,0.3,0.0,0.4,0.0,0.0,0.0,0.0,0.1,0.3,0.6,0.5,0.3,0.6,0.7,0.5,0.1
2020/2021,Rio Grande do Sul,Total,Privada,98.5,98.5,98.4,98.5,98.8,98.2,98.5,98.7,98.5,98.4,98.7,97.8,97.2,96.4,96.3,99.2,0.9,0.9,0.9,0.7,0.5,1.3,1.0,0.9,1.0,1.0,0.7,0.9,1.1,1.7,1.0,0.3,0.6,0.6,0.6,0.8,0.7,0.5,0.5,0.4,0.5,0.6,0.4,1.2,1.4,1.5,2.0,0.4,0.0,0.0,0.1,0.0,0.0,0.0,0.0,0.0,0.0,0.0,0.2,0.1,0.3,0.4,0.7,0.1
2020/2021,Rio Grande do Sul,Total,Pública,96.6,98.5,94.2,99.0,99.0,98.1,98.6,98.0,96.4,95.6,95.7,88.4,82.5,78.8,81.8,90.5,0.9,0.7,1.1,0.4,0.5,1.2,0.7,0.7,1.2,1.0,0.8,1.4,3.7,4.2,3.2,3.7,2.2,0.8,3.9,0.6,0.5,0.7,0.7,1.2,1.9,2.3,2.7,9.8,12.4,15.5,13.4,5.4,0.3,0.0,0.8,0.0,0.0,0.0,0.0,0.1,0.5,1.1,0.8,0.4,1.4,1.5,1.6,0.4
2020/2021,Mato Grosso do Sul,Total,Total,92.9,94.7,90.5,96.4,93.2,94.4,94.8,94.8,91.8,91.2,90.7,87.7,83.5,79.5,83.5,89.5,4.4,3.7,5.2,2.0,5.4,4.2,3.9,3.1,5.2,4.9,5.4,5.4,9.1,11.7,8.4,6.0,2.5,1.6,3.7,1.6,1.4,1.4,1.3,2.0,2.6,3.2,3.3,6.2,6.8,7.9,7.4,4.2,0.2,0.0,0.6,0.0,0.0,0.0,0.0,0.1,0.4,0.7,0.6,0.7,0.6,0.9,0.7,0.3
2020/2021,Mato Grosso do Sul,Urbana,Total,93.0,94.9,90.6,96.6,93.3,94.6,95.1,95.0,92.0,91.3,90.7,87.9,83.3,79.3,83.3,89.4,4.3,3.7,5.2,1.9,5.3,4.1,3.7,3.0,5.2,4.9,5.5,5.4,9.2,11.8,8.5,6.0,2.4,1.4,3.6,1.5,1.4,1.3,1.2,1.9,2.5,3.1,3.1,5.9,6.9,8.0,7.5,4.3,0.3,0.0,0.6,0.0,0.0,0.0,0.0,0.1,0.3,0.7,0.7,0.8,0.6,0.9,0.7,0.3
2020/2021,Mato Grosso do Sul,Rural,Total,91.5,93.0,89.4,94.5,92.1,92.9,92.4,93.2,90.6,89.8,90.5,85.7,85.7,82.3,86.7,90.3,4.6,4.5,4.8,2.6,5.6,4.7,5.5,3.8,5.0,5.1,4.3,4.6,8.1,10.0,7.0,6.0,3.7,2.5,5.3,2.9,2.3,2.4,2.1,2.9,4.2,4.4,4.8,9.1,5.8,7.2,5.9,3.3,0.2,0.0,0.5,0.0,0.0,0.0,0.0,0.1,0.2,0.7,0.4,0.6,0.4,0.5,0.4,0.4
2020/2021,Mato Grosso do Sul,Total,Privada,96.5,96.5,96.6,94.8,95.6,95.6,98.4,97.9,98.1,98.5,93.4,95.9,95.9,96.3,92.9,99.2,2.5,2.5,2.5,3.5,3.2,3.2,0.9,1.4,1.3,0.9,5.8,2.1,2.0,2.1,3.2,0.4,1.0,1.0,0.9,1.7,1.2,1.2,0.7,0.7,0.6,0.6,0.8,2.0,2.0,1.5,3.8,0.4,0.0,0.0,0.0,0.0,0.0,0.0,0.0,0.0,0.0,0.0,0.0,0.0,0.1,0.1,0.1,0.0
2020/2021,Mato Grosso do Sul,Total,Pública,92.4,94.4,89.8,96.6,92.8,94.3,94.3,94.4,91.1,90.3,90.3,86.8,82.1,77.9,82.4,88.3,4.6,3.9,5.5,1.7,5.7,4.3,4.3,3.3,5.6,5.3,5.3,5.7,9.9,12.6,9.1,6.7,2.7,1.7,4.1,1.7,1.5,1.4,1.4,2.2,2.9,3.5,3.6,6.7,7.3,8.6,7.8,4.7,0.3,0.0,0.6,0.0,0.0,0.0,0.0,0.1,0.4,0.9,0.8,0.8,0.7,0.9,0.7,0.3
2020/2021,Mato Grosso,Total,Total,96.3,97.0,95.5,97.0,97.3,97.0,97.4,96.5,96.5,96.4,95.3,93.7,88.6,87.3,89.9,89.2,1.4,1.5,1.2,1.7,1.5,1.5,1.4,1.5,1.3,1.2,1.0,1.2,4.2,3.0,1.5,9.7,2.1,1.5,2.8,1.3,1.2,1.5,1.2,2.0,2.0,2.0,2.5,4.8,5.8,7.8,6.9,0.9,0.2,0.0,0.5,0.0,0.0,0.0,0.0,0.0,0.2,0.4,1.2,0.3,1.4,1.9,1.7,0.2
2020/2021,Mato Grosso,Urbana,Total,96.6,97.2,95.9,97.2,97.4,97.1,97.6,96.8,96.6,96.6,95.5,94.7,88.9,87.8,90.2,89.5,1.3,1.4,1.1,1.6,1.4,1.4,1.3,1.3,1.3,1.1,0.9,0.9,4.0,2.8,1.3,9.6,1.9,1.4,2.6,1.2,1.2,1.5,1.1,1.9,1.9,1.9,2.4,4.1,5.8,7.8,6.9,0.7,0.2,0.0,0.4,0.0,0.0,0.0,0.0,0.0,0.2,0.4,1.2,0.3,1.3,1.6,1.6,0.2
2020/2021,Mato Grosso,Rural,Total,94.5,95.7,93.1,95.8,96.4,96.3,96.0,94.1,95.9,95.3,94.3,86.7,85.2,83.2,87.1,86.8,2.1,2.3,1.9,2.6,2.0,2.2,2.1,2.5,1.6,1.8,1.6,2.7,6.0,5.5,3.0,10.6,3.1,2.0,4.4,1.6,1.6,1.5,1.9,3.3,2.4,2.5,3.4,9.5,6.2,8.0,6.6,2.3,0.3,0.0,0.6,0.0,0.0,0.0,0.0,0.1,0.1,0.4,0.7,1.1,2.6,3.3,3.3,0.3
2020/2021,Mato Grosso,Total,Privada,95.8,95.3,96.6,93.2,95.2,95.9,96.7,95.5,96.2,96.7,97.0,96.4,95.4,93.9,93.8,99.4,2.6,3.0,2.1,4.7,2.9,2.3,2.0,3.0,2.5,2.1,1.6,2.0,2.1,3.2,2.1,0.4,1.6,1.7,1.3,2.1,1.9,1.8,1.3,1.5,1.3,1.2,1.2,1.5,2.4,2.7,3.9,0.1,0.0,0.0,0.0,0.0,0.0,0.0,0.0,0.0,0.0,0.0,0.2,0.1,0.1,0.2,0.2,0.1
2020/2021,Mato Grosso,Total,Pública,96.4,97.3,95.4,97.5,97.6,97.2,97.5,96.6,96.6,96.4,95.1,93.4,87.9,86.7,89.5,88.1,1.2,1.3,1.1,1.3,1.3,1.4,1.3,1.3,1.2,1.1,0.9,1.1,4.4,3.0,1.4,10.7,2.1,1.4,3.0,1.2,1.1,1.4,1.2,2.1,2.1,2.1,2.6,5.2,6.2,8.3,7.2,1.0,0.3,0.0,0.5,0.0,0.0,0.0,0.0,0.0,0.1,0.4,1.4,0.3,1.5,2.0,1.9,0.2
2020/2021,Goiás,Total,Total,94.4,95.6,92.9,95.3,96.1,95.6,95.9,95.0,93.9,93.8,93.2,90.6,88.6,85.1,86.6,96.2,2.5,2.5,2.5,2.7,2.1,2.8,2.6,2.1,2.7,2.6,2.3,2.3,2.9,4.1,2.4,1.8,2.9,1.9,4.2,2.0,1.8,1.6,1.5,2.9,3.3,3.2,3.9,6.4,7.2,9.4,9.2,1.6,0.2,0.0,0.4,0.0,0.0,0.0,0.0,0.0,0.1,0.4,0.6,0.7,1.3,1.4,1.8,0.4
2020/2021,Goiás,Urbana,Total,94.4,95.6,93.0,95.4,96.1,95.6,96.0,95.0,94.0,93.9,93.3,90.7,88.7,85.3,86.6,96.4,2.4,2.4,2.4,2.7,2.1,2.7,2.6,2.1,2.6,2.6,2.2,2.3,2.7,3.8,2.3,1.7,2.9,2.0,4.1,1.9,1.8,1.7,1.4,2.9,3.3,3.2,3.8,6.3,7.2,9.4,9.2,1.6,0.3,0.0,0.5,0.0,0.0,0.0,0.0,0.0,0.1,0.3,0.7,0.7,1.4,1.5,1.9,0.3
2020/2021,Goiás,Rural,Total,93.3,95.0,90.8,95.3,95.8,95.4,94.6,94.0,92.3,91.8,91.2,87.6,81.8,76.3,84.0,88.8,3.3,3.4,3.2,3.3,3.0,3.3,4.0,3.4,3.8,3.6,3.4,1.9,10.9,14.7,8.1,7.7,3.2,1.6,5.5,1.4,1.2,1.3,1.4,2.5,3.8,4.3,5.0,9.2,6.7,8.5,7.0,3.1,0.2,0.0,0.5,0.0,0.0,0.0,0.0,0.1,0.1,0.3,0.4,1.3,0.6,0.5,0.9,0.4
2020/2021,Goiás,Total,Privada,95.1,94.8,95.7,92.2,94.2,95.0,96.2,96.4,95.7,95.4,96.3,95.4,94.7,94.1,92.3,98.3,2.4,2.6,2.2,4.2,2.6,2.4,2.0,1.4,2.4,2.6,2.0,1.7,1.8,2.6,1.6,0.9,2.5,2.6,2.0,3.6,3.2,2.6,1.8,2.2,1.9,1.9,1.6,2.9,3.1,2.9,5.4,0.7,0.0,0.0,0.1,0.0,0.0,0.0,0.0,0.0,0.0,0.1,0.1,0.0,0.4,0.4,0.7,0.1
2020/2021,Goiás,Total,Pública,94.2,95.8,92.4,96.2,96.6,95.7,95.8,94.6,93.5,93.5,92.6,89.8,87.7,83.9,85.7,95.9,2.5,2.4,2.5,2.3,2.0,2.8,2.8,2.3,2.7,2.6,2.3,2.4,3.1,4.3,2.5,1.9,3.1,1.8,4.6,1.5,1.4,1.5,1.4,3.0,3.6,3.4,4.3,7.1,7.8,10.3,9.7,1.7,0.2,0.0,0.5,0.0,0.0,0.0,0.0,0.1,0.2,0.5,0.8,0.7,1.4,1.5,2.1,0.5
2020/2021,Distrito Federal,Total,Total,94.8,95.5,93.9,96.6,96.7,92.3,97.6,95.0,96.6,91.2,96.9,91.2,84.6,80.1,84.3,91.7,3.3,3.0,3.7,1.9,1.8,6.3,1.3,3.2,1.9,6.3,1.5,4.8,8.8,12.3,7.7,5.1,1.6,1.5,1.8,1.5,1.5,1.4,1.1,1.7,1.2,1.6,1.2,3.0,4.4,4.8,5.6,2.4,0.3,0.0,0.6,0.0,0.0,0.0,0.0,0.1,0.3,0.9,0.4,1.0,2.2,2.8,2.4,0.8
2020/2021,Distrito Federal,Urbana,Total,94.9,95.7,93.9,96.5,97.0,92.5,97.6,95.2,96.6,91.3,96.8,91.3,84.7,80.2,84.4,91.7,3.2,2.8,3.7,1.9,1.5,6.0,1.3,3.0,1.9,6.2,1.6,4.7,8.7,12.1,7.5,5.1,1.6,1.5,1.8,1.6,1.5,1.5,1.1,1.7,1.2,1.7,1.2,3.0,4.4,4.8,5.6,2.4,0.3,0.0,0.6,0.0,0.0,0.0,0.0,0.1,0.3,0.8,0.4,1.0,2.2,2.9,2.5,0.8
2020/2021,Distrito Federal,Rural,Total,93.2,93.2,93.1,97.7,91.6,88.0,99.1,91.0,97.4,89.1,98.2,89.0,81.5,76.9,80.2,90.8,5.6,5.9,5.1,1.6,7.3,11.1,0.6,7.7,1.6,9.4,0.4,7.7,13.4,17.5,13.2,7.0,1.0,0.9,1.2,0.7,1.1,0.9,0.3,1.3,0.8,0.8,0.8,2.6,2.5,2.5,3.5,1.0,0.2,0.0,0.6,0.0,0.0,0.0,0.0,0.0,0.2,0.7,0.6,0.7,2.6,3.1,3.1,1.2
2020/2021,Distrito Federal,Total,Privada,96.3,95.9,96.7,94.6,95.5,95.3,97.0,97.1,96.3,96.8,97.1,96.7,95.9,95.2,93.5,99.6,1.2,1.3,1.1,2.1,1.4,1.5,0.8,0.7,1.7,1.0,0.8,0.8,0.8,1.3,0.9,0.1,2.5,2.8,2.1,3.3,3.1,3.2,2.2,2.2,2.0,2.2,2.1,2.3,2.7,3.2,4.4,0.2,0.0,0.0,0.1,0.0,0.0,0.0,0.0,0.0,0.0,0.0,0.0,0.2,0.6,0.3,1.2,0.1
2020/2021,Distrito Federal,Total,Pública,94.3,95.4,92.9,97.3,97.2,91.2,97.9,94.2,96.8,89.5,96.8,89.4,81.3,75.9,81.6,89.2,4.1,3.6,4.6,1.9,1.9,7.9,1.5,4.1,2.0,8.0,1.8,6.1,11.2,15.3,9.7,6.7,1.3,1.0,1.6,0.8,0.9,0.9,0.6,1.5,0.9,1.4,0.8,3.2,4.8,5.2,5.9,3.0,0.3,0.0,0.9,0.0,0.0,0.0,0.0,0.2,0.3,1.1,0.6,1.3,2.7,3.6,2.8,1.1
